banda_raw,n_filas_afectadas,motivo,ids_banda_candidatos,ejemplos
BM Cruz Roja,172,ambiguo_2_bandas_nombre_identico,"14,169",La Hiniesta / Paso de Palio / 1984 ; La Hiniesta / Paso de Palio / 1985 ; La Hiniesta / Paso de Palio / 1986
Sociedad Filarmonica Nuestra Senora del Carmen de Salteras,98,ambiguo_4_bandas_por_contencion,"101,171,214,263",Jesus Despojado / Paso de Palio / 1980 ; Jesus Despojado / Paso de Palio / 1981 ; Jesus Despojado / Paso de Palio / 1982
AM Redencion,64,ambiguo_3_bandas_nombre_identico,"11,163,2",Pino Montano / Paso de Misterio / 1993 ; Dulce Nombre de Bellavista / Paso de Misterio / 2006 ; Dulce Nombre de Bellavista / Paso de Misterio / 2007
CCTT Centuria Macarena,61,ambiguo_2_bandas_por_contencion,"279,5",Dolores de Torreblanca / Paso de Misterio / 1996 ; Dolores de Torreblanca / Paso de Misterio / 1997 ; Dolores de Torreblanca / Paso de Misterio / 1998
AM Ntra. Sra. de la Encarnación,56,ambiguo_3_bandas_nombre_identico,"15,254,64",Pino Montano / Paso de Cristo / 1997 ; Pino Montano / Paso de Cristo / 1998 ; Pino Montano / Paso de Cristo / 1999
AM Ntro Padre Jesús de la Redención,51,ambiguo_3_bandas_por_contencion,"11,163,2",La Espiga / Paso / 2026 ; La Milagrosa / Paso de Cristo / 2010 ; La Milagrosa / Paso de Cristo / 2011
B. Ntra. Sra. de la Victoria (Cigarreras),47,ambiguo_4_bandas_nombre_identico,"1,100,16,269",La Cena / Paso Cristo (Misterio) / 1980 ; La Cena / Paso Cristo (Misterio) / 1981 ; La Cena / Paso Cristo (Misterio) / 1982
BM Nuestra Señora del Carmen de Salteras,46,ambiguo_4_bandas_por_contencion,"101,171,214,263",Santa Genoveva / Paso de Palio / 1981 ; Santa Genoveva / Paso de Palio / 1982 ; Santa Genoveva / Paso de Palio / 1983
BM Nuestra Senora de la Victoria (Cigarreras),43,ambiguo_4_bandas_nombre_identico,"1,100,16,269",El Amor / Paso de Palio / 2000 ; El Amor / Paso de Palio / 2001 ; El Amor / Paso de Palio / 2002
AM Ntra. Sra. de la Encarnacion,42,ambiguo_3_bandas_nombre_identico,"15,254,64",Pino Montano / Paso de Misterio / 1997 ; Pino Montano / Paso de Misterio / 1998 ; Pino Montano / Paso de Misterio / 1999
CyT Ntra. Sra. de la Victoria (Cigarreras),42,ambiguo_4_bandas_nombre_identico,"1,100,16,269",San Gonzalo / Paso Cristo (Misterio) / 1985 ; San Gonzalo / Paso Cristo (Misterio) / 1986 ; San Gonzalo / Paso Cristo (Misterio) / 1987
AM Jesus Despojado,41,ambiguo_2_bandas_nombre_identico,"37,89",Jesus Despojado / Paso de Misterio / 1981 ; Jesus Despojado / Paso de Misterio / 1982 ; Jesus Despojado / Paso de Misterio / 1983
Banda de Musica de Nuestra Senora del Carmen de Salteras,40,ambiguo_4_bandas_por_contencion,"101,171,214,263",La Macarena / Paso de Palio / 1980 ; La Macarena / Paso de Palio / 1981 ; La Macarena / Paso de Palio / 1982
BM Municipal de Sevilla,40,ambiguo_6_bandas_por_contencion,"273,274,276,277,278,279",Santo Entierro / Paso de la Urna / 1980 ; Santo Entierro / Paso de la Urna / 1981 ; Santo Entierro / Paso de la Urna / 1982
AM Santa Maria Magdalena de Arahal,38,ambiguo_2_bandas_por_contencion,"22,275",El Beso de Judas / Paso de Misterio / 1980 ; El Beso de Judas / Paso de Misterio / 1981 ; El Beso de Judas / Paso de Misterio / 1982
B. Centuria Macarena,35,ambiguo_2_bandas_por_contencion,"279,5",San Roque / Paso de Cristo / 1980 ; San Roque / Paso de Cristo / 1981 ; San Roque / Paso de Cristo / 1982
B. Ntra. Sra. del Carmen de Salteras,35,ambiguo_4_bandas_por_contencion,"101,171,214,263",Pino Montano / Paso de Palio / 1996 ; Pino Montano / Paso de Palio / 1997 ; Pino Montano / Paso de Palio / 1998
AM Nuestra Señora de la Encarnación,32,ambiguo_3_bandas_nombre_identico,"15,254,64",San Benito / Paso de Misterio / 1995 ; San Benito / Paso de Misterio / 1996 ; San Benito / Paso de Misterio / 1997
CCTT Cristo de la Sangre,31,ambiguo_2_bandas_nombre_identico,"184,32",San Benito / Paso de Cristo / 1997 ; San Benito / Paso de Cristo / 1998 ; San Benito / Paso de Cristo / 1999
BM Ntra. Sra. de la Victoria (Cigarreras),27,ambiguo_4_bandas_nombre_identico,"1,100,16,269",El Amor / Paso de Virgen / 2000 ; El Amor / Paso de Virgen / 2001 ; El Amor / Paso de Virgen / 2002
BM Santa Cecilia,25,ambiguo_2_bandas_nombre_identico,"106,191",San Gonzalo / Paso de Palio / 1980 ; San Gonzalo / Paso de Palio / 1981 ; San Gonzalo / Paso de Palio / 1982
BM Nuestra Senora de la Victoria Las Cigarreras,24,ambiguo_4_bandas_por_contencion,"1,100,16,269",Las Cigarreras / Paso de Palio / 1996 ; Las Cigarreras / Paso de Palio / 1997 ; Las Cigarreras / Paso de Palio / 1998
Banda Municipal de Sevilla,23,ambiguo_6_bandas_por_contencion,"273,274,276,277,278,279",La Amargura / Paso de Palio / 1980 ; La Amargura / Paso de Palio / 1981 ; La Amargura / Paso de Palio / 1995
AM Ntra. Sra. De las Angustias,23,ambiguo_6_bandas_nombre_identico,"157,182,34,62,92,96",Santa Genoveva / Paso del Cautivo / 1982 ; Santa Genoveva / Paso del Cautivo / 1983 ; Santa Genoveva / Paso del Cautivo / 1984
AM Santa María Magdalena de Arahal,23,ambiguo_2_bandas_por_contencion,"22,275",San Benito / Paso de Misterio / 1985 ; San Benito / Paso de Misterio / 1986 ; San Benito / Paso de Misterio / 1987
B. de la Cruz Roja,22,ambiguo_2_bandas_nombre_identico,"14,169",La Hiniesta / Paso de Virgen / 1984 ; La Hiniesta / Paso de Virgen / 1985 ; La Hiniesta / Paso de Virgen / 1986
AM Ntro. Padre Jesús de la Redención,21,ambiguo_3_bandas_por_contencion,"11,163,2",Dulce Nombre de Bellavista / Paso de Cristo / 2006 ; Dulce Nombre de Bellavista / Paso de Cristo / 2007 ; Dulce Nombre de Bellavista / Paso de Cristo / 2008
CyT Centuria Macarena,21,ambiguo_2_bandas_por_contencion,"279,5",Las Aguas / Paso Cristo (Misterio) / 1980 ; Las Aguas / Paso Cristo (Misterio) / 1981 ; Las Aguas / Paso Cristo (Misterio) / 1982
"CyT Ntra Sra de la Victoria ""Cigarreras""",19,ambiguo_4_bandas_por_contencion,"1,100,16,269",La Mision /  / 2008 ; La Mision /  / 2009 ; La Mision /  / 2010
AM Sagrada Lanzada,18,ambiguo_2_bandas_nombre_identico,"121,83",La Borriquita / Paso de Misterio / 1982 ; La Borriquita / Paso de Misterio / 1983 ; La Borriquita / Paso de Misterio / 1984
BM Ntra Sra de la Victoria Cigarreras,18,ambiguo_4_bandas_por_contencion,"1,100,16,269",San Esteban / Paso de Palio / 2009 ; San Esteban / Paso de Palio / 2010 ; San Esteban / Paso de Palio / 2011
BM Nuestra Señora de la Victoria (Cigarreras),17,ambiguo_4_bandas_nombre_identico,"1,100,16,269",El Museo / Paso de Palio / 1998 ; El Museo / Paso de Palio / 1999 ; El Museo / Paso de Palio / 2000
AM Santa Cecilia,16,ambiguo_2_bandas_nombre_identico,"106,191",Bendicion y Esperanza /  / 2010 ; Bendicion y Esperanza /  / 2011 ; Bendicion y Esperanza /  / 2012
AM Ntra. Sra. de los Reyes,16,ambiguo_2_bandas_por_contencion,"276,6",Dolores de Torreblanca / Paso de Misterio / 2003 ; Dolores de Torreblanca / Paso de Misterio / 2004 ; Dolores de Torreblanca / Paso de Misterio / 2005
AM Ntro. Padre Jesus de la Salud,16,ambiguo_5_bandas_por_contencion,"129,177,209,26,56",Los Gitanos / Paso del Senor / 1999 ; Los Gitanos / Paso del Senor / 2000 ; Los Gitanos / Paso del Senor / 2001
BM Cruz Roja Sevilla,16,ambiguo_3_bandas_por_contencion,"14,169,44",San Roque / Paso de Virgen / 2016 ; San Roque / Paso de Virgen / 2017 ; San Roque / Paso de Virgen / 2018
A. M. Ntra. Sra. de la Estrella (Dos Hermanas),15,ambiguo_4_bandas_nombre_identico,"109,27,57,81",Divino Perdon de Alcosa / Paso de Cristo / 2007 ; Divino Perdon de Alcosa / Paso de Cristo / 2008 ; Divino Perdon de Alcosa / Paso de Cristo / 2009
BM Nuestra Senora del Carmen de Salteras,15,ambiguo_4_bandas_por_contencion,"101,171,214,263",Los Negritos / Paso de Virgen / 1984 ; Los Negritos / Paso de Virgen / 1985 ; Los Negritos / Paso de Virgen / 1986
A. M. Mª Stma. de la Paz,14,ambiguo_2_bandas_nombre_identico,"228,60",Padre Pio / Paso de Cristo / 1997 ; Padre Pio / Paso de Palio / 1994 ; Padre Pio / Paso de Palio / 1995
"AM Nuestro Padre Jesús de la Salud ""Gitanos""",14,ambiguo_6_bandas_por_contencion,"129,177,209,236,26,56",San Jose Obrero / Paso de Cristo / 2013 ; San Jose Obrero / Paso de Cristo / 2014 ; San Jose Obrero / Paso de Cristo / 2015
AM Jesus de la Redencion,14,ambiguo_3_bandas_por_contencion,"11,163,2",Montesion / Paso de Misterio / 2006 ; Montesion / Paso de Misterio / 2007 ; Montesion / Paso de Misterio / 2008
CCTT Vera Cruz de Utrera,13,ambiguo_9_bandas_por_contencion,"110,137,154,160,234,258,42,44,88",Jesus Despojado / Paso de Misterio / 1996 ; Jesus Despojado / Paso de Misterio / 1997 ; Jesus Despojado / Paso de Misterio / 1998
CCTT Jesus Cautivo,13,ambiguo_8_bandas_por_contencion,"117,13,185,199,232,240,268,38",Santa Genoveva / Paso del Cautivo / 2002 ; Santa Genoveva / Paso del Cautivo / 2003 ; Santa Genoveva / Paso del Cautivo / 2004
CCTT Centuria Macarena (1980-1992 continuación del tramo anterior; el post consolida 1977-1992),13,ambiguo_2_bandas_por_contencion,"279,5",San Benito / Paso de Cristo / 1980 ; San Benito / Paso de Cristo / 1981 ; San Benito / Paso de Cristo / 1982
B. Cruz Roja Sevilla,13,ambiguo_3_bandas_por_contencion,"14,169,44",Pino Montano / Paso de Palio / 2007 ; Pino Montano / Paso de Palio / 2008 ; Pino Montano / Paso de Palio / 2009
BM Ntra. Sra. del Carmen de Salteras,13,ambiguo_4_bandas_por_contencion,"101,171,214,263",La Hiniesta / Paso de Virgen / 2006 ; La Hiniesta / Paso de Virgen / 2007 ; La Hiniesta / Paso de Virgen / 2008
CCTT Jesús Cautivo,13,ambiguo_8_bandas_por_contencion,"117,13,185,199,232,240,268,38",Santa Genoveva / Paso Cristo (Cautivo) / 2002 ; Santa Genoveva / Paso Cristo (Cautivo) / 2003 ; Santa Genoveva / Paso Cristo (Cautivo) / 2004
CyT Ntra Sra de los Ángeles,12,ambiguo_2_bandas_nombre_identico,"65,71",Paz y Misericordia / Paso / 2015 ; Paz y Misericordia / Paso / 2016 ; Paz y Misericordia / Paso / 2017
B. Nuestra Señora del Rosario (Sanlúcar la Mayor),12,ambiguo_5_bandas_nombre_identico,"107,131,145,167,24",Divino Perdon de Alcosa / Paso de Palio / 2013 ; Divino Perdon de Alcosa / Paso de Palio / 2014 ; Divino Perdon de Alcosa / Paso de Palio / 2015
BM Nuestra Senora del Carmen,11,ambiguo_4_bandas_nombre_identico,"101,171,214,263",El Amor / Paso de Palio / 1989 ; El Amor / Paso de Palio / 1990 ; El Amor / Paso de Palio / 1991
CyT Rosario de Cádiz,11,ambiguo_5_bandas_por_contencion,"107,131,145,167,24",La Estrella / Paso de Cristo / 2024 ; La Estrella / Paso de Cristo / 2025 ; La Estrella / Paso de Cristo / 2026
AM Redención,11,ambiguo_3_bandas_nombre_identico,"11,163,2",San Esteban / Paso Cristo (Misterio) / 2010 ; San Esteban / Paso Cristo (Misterio) / 2011 ; San Esteban / Paso Cristo (Misterio) / 2012
CCTT San Juan Evangelista,10,ambiguo_2_bandas_nombre_identico,"260,36",La Sed / Paso de Cristo / 2009 ; La Sed / Paso de Cristo / 2010 ; La Sed / Paso de Cristo / 2011
B. Cruz Roja,10,ambiguo_2_bandas_nombre_identico,"14,169",La Milagrosa / Paso de Palio / 2016 ; La Milagrosa / Paso de Palio / 2017 ; La Milagrosa / Paso de Palio / 2018
AM Sentencia de Jerez,9,ambiguo_2_bandas_por_contencion,"194,28","Dolores de Torreblanca / Paso de Misterio / 2019 ; Dolores de Torreblanca / Paso Cristo (corregido en post #740, sustituye a la versión del post original) / 2019 ; Dolores de Torreblanca / Paso Cristo (corregido en post #740, sustituye a la versión del post original) / 2020"
CCTT Ntro. Padre Jesus de los Remedios de Castilleja de la Cuesta,9,ambiguo_3_bandas_por_contencion,"102,123,282",La Sed / Paso de Cristo / 1984 ; La Sed / Paso de Cristo / 1985 ; La Sed / Paso de Cristo / 1986
BM Nuestra Senora de la Victoria de Las Cigarreras,9,ambiguo_4_bandas_por_contencion,"1,100,16,269",La Lanzada / Paso de Palio / 2011 ; La Lanzada / Paso de Palio / 2012 ; La Lanzada / Paso de Palio / 2013
B. Ntra Sra Angustias Sanlúcar la Mayor,9,ambiguo_6_bandas_por_contencion,"157,182,34,62,92,96",Padre Pio / Paso de Palio / 2017 ; Padre Pio / Paso de Palio / 2018 ; Padre Pio / Paso de Palio / 2020
A. M. Jesús Despojado,9,ambiguo_2_bandas_nombre_identico,"37,89",Jesus Despojado / Paso de Cristo / 1983 ; Jesus Despojado / Paso de Cristo / 1984 ; Jesus Despojado / Paso de Cristo / 1985
AM Virgen de las Angustias,8,ambiguo_2_bandas_nombre_identico,"62,92",La Borriquita / Paso de Misterio / 1980 ; Los Gitanos / Paso del Senor / 1980 ; Los Gitanos / Paso del Senor / 1981
CCTT Centuria Romana,8,ambiguo_3_bandas_por_contencion,"251,279,5",Montserrat / Paso de Misterio / 1980 ; Montserrat / Paso de Misterio / 1981 ; Montserrat / Paso de Misterio / 1982
BM Ntra Sra del Carmen de Salteras,8,ambiguo_4_bandas_por_contencion,"101,171,214,263",La Amargura / Paso de Virgen / 2019 ; La Amargura / Paso de Virgen / 2020 ; La Amargura / Paso de Virgen / 2021
CCTT Nazareno de Huelva,8,ambiguo_6_bandas_por_contencion,"138,141,150,175,190,247",El Cerro del Aguila / Paso Cristo (Nazareno) / 2019 ; El Cerro del Aguila / Paso Cristo (Nazareno) / 2020 ; El Cerro del Aguila / Paso Cristo (Nazareno) / 2021
AM Ntra. Sra. De la Paz,7,ambiguo_2_bandas_nombre_identico,"228,60",La Paz / Paso de Misterio / 1992 ; La Paz / Paso de Misterio / 1993 ; La Paz / Paso de Misterio / 1994
AM Jesús Nazareno de La Algaba,7,ambiguo_13_bandas_por_contencion,"104,138,141,150,172,175,19,190,192,247,278,55,95",San Jeronimo / Paso de Cristo / 2020 ; San Jeronimo / Paso de Cristo / 2021 ; San Jeronimo / Paso de Cristo / 2022
A. M. Sagrada Lanzada,7,ambiguo_2_bandas_nombre_identico,"121,83",La Borriquita / Paso de Cristo / 1982 ; La Borriquita / Paso de Cristo / 1983 ; La Borriquita / Paso de Cristo / 1984
B. Municipal de Sevilla,7,ambiguo_6_bandas_por_contencion,"273,274,276,277,278,279",La Amargura / Paso de Virgen / 1980 ; La Amargura / Paso de Virgen / 1981 ; La Amargura / Paso de Virgen / 1995
CCTT Ntra. Sra. de la Salud de Utrera,6,ambiguo_5_bandas_por_contencion,"129,177,209,26,56",La Sed / Paso de Cristo / 1997 ; La Sed / Paso de Cristo / 1998 ; La Sed / Paso de Cristo / 1999
BM Nuestra Senora de la Soledad de Cantillana,6,ambiguo_2_bandas_por_contencion,"176,84",La Sed / Paso de Palio / 1980 ; La Sed / Paso de Palio / 1981 ; San Bernardo / Paso de Palio / 1990
AM Santa Marta de la Algaba,6,ambiguo_2_bandas_por_contencion,"115,73",Las Siete Palabras / Paso de Misterio / 1983 ; Las Siete Palabras / Paso de Misterio / 1984 ; Las Siete Palabras / Paso de Misterio / 1985
Banda de CC y TT Jesús Nazareno de Mairena del Alcor,6,ambiguo_13_bandas_por_contencion,"104,138,141,150,172,175,19,190,192,247,278,55,95","Dolores de Torreblanca / Paso Cristo (corregido en post #740, sustituye a la versión del post original) / 1998 ; Dolores de Torreblanca / Paso Cristo (corregido en post #740, sustituye a la versión del post original) / 1999 ; Dolores de Torreblanca / Paso Cristo (corregido en post #740, sustituye a la versión del post original) / 2000"
CCTT Stmo. Cristo de la Sangre,5,ambiguo_2_bandas_nombre_identico,"184,32",San Jeronimo / Paso de Misterio / 2015 ; San Jeronimo / Paso de Misterio / 2016 ; San Jeronimo / Paso de Misterio / 2017
CCTT Ntro. Padre Jesus de los Remedios (Castilleja),5,ambiguo_3_bandas_por_contencion,"102,123,282",La Estrella / Paso de Misterio / 1986 ; La Estrella / Paso de Misterio / 1987 ; La Estrella / Paso de Misterio / 1988
CCTT Stmo. Cristo de la Sangre.,5,ambiguo_2_bandas_nombre_identico,"184,32",San Jeronimo / Paso de Cristo / 2015 ; San Jeronimo / Paso de Cristo / 2016 ; San Jeronimo / Paso de Cristo / 2017
A. M. Ntra. Sra. de los Reyes,5,ambiguo_2_bandas_por_contencion,"276,6",Jesus Despojado / Paso de Cristo / 2005 ; Jesus Despojado / Paso de Cristo / 2006 ; Jesus Despojado / Paso de Cristo / 2007
B. Ntro. Padre Jesús de los Remedios de Castilleja de la Cuesta,5,ambiguo_3_bandas_por_contencion,"102,123,282",La Estrella / Paso de Cristo / 1986 ; La Estrella / Paso de Cristo / 1987 ; La Estrella / Paso de Cristo / 1988
CCTT Ntro. Padre Jesus Cautivo,4,ambiguo_7_bandas_por_contencion,"117,185,199,232,240,268,38",Dulce Nombre de Bellavista / Paso de Misterio / 2002 ; Dulce Nombre de Bellavista / Paso de Misterio / 2003 ; Dulce Nombre de Bellavista / Paso de Misterio / 2004
CyT Ntro. Padre Jesús de la Humildad,4,ambiguo_2_bandas_por_contencion,"168,82",Padre Pio / Paso de Cristo / 2010 ; Padre Pio / Paso de Cristo / 2011 ; Padre Pio / Paso de Cristo / 2012
CCTT Jesus Nazareno (Mairena del Alcor),4,ambiguo_8_bandas_nombre_identico,"104,141,172,19,192,278,55,95",Dolores de Torreblanca / Paso de Misterio / 1999 ; Dolores de Torreblanca / Paso de Misterio / 2000 ; Dolores de Torreblanca / Paso de Misterio / 2001
CCTT Cruz Roja,4,ambiguo_2_bandas_nombre_identico,"14,169",Jesus Despojado / Paso de Misterio / 1980 ; La Candelaria / Paso de Cristo / 1980 ; El Buen Fin / Paso de Cristo / 1983
BM Nuestra Señora de la Soledad de la Algaba,4,ambiguo_2_bandas_por_contencion,"176,84",San Gonzalo / Paso de Palio / 1985 ; San Gonzalo / Paso de Palio / 1986 ; San Gonzalo / Paso de Palio / 1987
CCTT Rosario de Cadiz,4,ambiguo_5_bandas_por_contencion,"107,131,145,167,24",Las Aguas / Paso de Misterio / 2019 ; La Sed / Paso de Cristo / 2017 ; La Sed / Paso de Cristo / 2018
B. Ntra Sra del Carmen de Salteras,4,ambiguo_4_bandas_por_contencion,"101,171,214,263",Pino Montano / Paso de Palio / 2020 ; Pino Montano / Paso de Palio / 2021 ; Pino Montano / Paso de Palio / 2022
B. Ntro. Padre Jesús Cautivo,4,ambiguo_7_bandas_por_contencion,"117,185,199,232,240,268,38",Dulce Nombre de Bellavista / Paso de Cristo / 2002 ; Dulce Nombre de Bellavista / Paso de Cristo / 2003 ; Dulce Nombre de Bellavista / Paso de Cristo / 2004
AM Ntra Sra de la Encarnación,4,ambiguo_3_bandas_nombre_identico,"15,254,64",Divino Perdon de Alcosa / Paso de Cristo / 2026 ; La Espiga / Paso / 2023 ; La Espiga / Paso / 2024
A. M. Ntro. Padre Jesús de la Salud,3,ambiguo_5_bandas_por_contencion,"129,177,209,26,56",Divino Perdon de Alcosa / Paso de Cristo / 2004 ; Divino Perdon de Alcosa / Paso de Cristo / 2005 ; Divino Perdon de Alcosa / Paso de Cristo / 2006
BM Nuestra Señora de la Soledad de Cantillana,3,ambiguo_2_bandas_por_contencion,"176,84",Los Javieres / Paso de Palio / 1980 ; Los Javieres / Paso de Palio / 1981 ; San Esteban / Paso de Palio / 1984
CCTT Jesus Cautivo (Sanlucar la Mayor),3,ambiguo_8_bandas_por_contencion,"117,13,185,199,232,240,268,38",El Carmen / Paso de Misterio / 2004 ; El Carmen / Paso de Misterio / 2005 ; El Carmen / Paso de Misterio / 2006
CCTT Nuestra Senora de la Salud de Utrera,3,ambiguo_5_bandas_por_contencion,"129,177,209,26,56",La Sed / Paso de Cristo / 2004 ; La Sed / Paso de Cristo / 2005 ; La Sed / Paso de Cristo / 2006
AM Estrella de Alcala de Guadaira,3,ambiguo_4_bandas_por_contencion,"109,27,57,81",El Buen Fin / Paso de Cristo / 1980 ; El Buen Fin / Paso de Cristo / 1981 ; El Buen Fin / Paso de Cristo / 1982
BM Nuestra Senora del Carmen de Villalba del Alcor,3,ambiguo_4_bandas_por_contencion,"101,171,214,263",Las Siete Palabras / Paso de Palio / 2017 ; Las Siete Palabras / Paso de Palio / 2018 ; Las Siete Palabras / Paso de Palio / 2019
AM Ntra. Sra. De La Estrella de Dos Hermanas,3,ambiguo_4_bandas_por_contencion,"109,27,57,81",Montesion / Paso de Misterio / 1991 ; Montesion / Paso de Misterio / 1992 ; Montesion / Paso de Misterio / 1993
CyT Nazareno de Huelva,3,ambiguo_6_bandas_por_contencion,"138,141,150,175,190,247",San Roque / Paso de Cristo / 2024 ; San Roque / Paso de Cristo / 2025 ; San Roque / Paso de Cristo / 2026
AM Jesús Despojado,3,ambiguo_2_bandas_nombre_identico,"37,89",San Esteban / Paso Cristo (Misterio) / 1989 ; San Esteban / Paso Cristo (Misterio) / 1990 ; San Esteban / Paso Cristo (Misterio) / 1991
BCT Angeles,2,ambiguo_2_bandas_nombre_identico,"65,71",Paz y Misericordia /  / 2018 ; Paz y Misericordia /  / 2019
AM Victoria de Arahal,2,ambiguo_4_bandas_por_contencion,"1,100,16,269",Santa Genoveva / Paso del Cautivo / 1981 ; Santa Genoveva / Paso Cristo (Cautivo) / 1981
AM La Estrella,2,ambiguo_4_bandas_nombre_identico,"109,27,57,81",San Benito / Paso de Misterio / 1980 ; San Benito / Paso de Misterio / 1981
AM Ntra. Sra. De la Encarnación,2,ambiguo_3_bandas_nombre_identico,"15,254,64",San Benito / Paso de Cristo / 1993 ; San Benito / Paso de Cristo / 1994
BM Centuria Macarena,2,ambiguo_2_bandas_por_contencion,"279,5",El Carmen / Paso de Misterio / 1997 ; El Carmen / Paso de Misterio / 1998
AM Estrella de Dos Hermanas,2,ambiguo_4_bandas_por_contencion,"109,27,57,81",El Baratillo / Paso de Misterio / 1980 ; El Baratillo / Paso de Misterio / 1981
CCTT Ntra. Sra. Del Rosario (Maestro Paton),2,ambiguo_5_bandas_nombre_identico,"107,131,145,167,24",Las Siete Palabras / Paso de Misterio / 1980 ; Las Siete Palabras / Paso de Misterio / 1981
CCTT Expiracion de Moron,2,ambiguo_7_bandas_por_contencion,"114,119,210,229,241,61,86",Las Siete Palabras / Paso de Misterio / 2009 ; Las Siete Palabras / Paso de Misterio / 2010
BM Nuestra Senora de la Soledad de Algaba,2,ambiguo_2_bandas_por_contencion,"176,84",Los Panaderos / Paso de Palio / 1987 ; Los Panaderos / Paso de Palio / 1988
BM Union Musical Sevillana,2,ambiguo_2_bandas_por_contencion,"118,250",Los Negritos / Paso de Virgen / 2004 ; Los Negritos / Paso de Virgen / 2005
Centuria Macarena,2,ambiguo_2_bandas_por_contencion,"279,5","Dolores de Torreblanca / Paso Cristo (corregido en post #740, sustituye a la versión del post original) / 1996 ; Dolores de Torreblanca / Paso Cristo (corregido en post #740, sustituye a la versión del post original) / 1997"
A. M. Ntra. Sra. de los Dolores y Misericordia,2,ambiguo_2_bandas_por_contencion,"3,87",Jesus Despojado / Paso de Cristo / 1981 ; Jesus Despojado / Paso de Cristo / 1982
B. Ntra. Sra. de la Salud de Utrera,1,ambiguo_5_bandas_por_contencion,"129,177,209,26,56",La Mision /  / 1996
AM Santa Marta de La Algaba,1,ambiguo_2_bandas_por_contencion,"115,73",Pino Montano / Paso de Misterio / 1991
"AM de las Aguas, de Las Cabezas de San Juan",1,ambiguo_2_bandas_por_contencion,"252,33",Dulce Nombre de Bellavista / Paso de Misterio / 1994
AM Ma Stma. de la Paz,1,ambiguo_2_bandas_por_contencion,"228,60",Dulce Nombre de Bellavista / Paso de Misterio / 2000
B. Stmo. Cristo de la Sangre,1,ambiguo_2_bandas_nombre_identico,"184,32",Padre Pio / Paso de Cristo / 1998
B. Virgen de Gracia (Carmona),1,ambiguo_2_bandas_nombre_identico,"202,255",Padre Pio / Paso de Cristo / 1999
B. Juvenil Stmo. Cristo de las Tres Caídas,1,ambiguo_2_bandas_por_contencion,"20,205",Divino Perdon de Alcosa / Paso de Cristo / 2001
CCTT Gracia y Esperanza,1,ambiguo_3_bandas_por_contencion,"120,166,255",La Borriquita / Paso de Misterio / 1981
CCTT del Rosario (despues Paton),1,ambiguo_5_bandas_nombre_identico,"107,131,145,167,24",La Amargura / Paso de Misterio / 1982
AM Ntra. Sra. de las Angustias,1,ambiguo_6_bandas_nombre_identico,"157,182,34,62,92,96",La Trinidad / Paso de las Cinco Llagas / 1987
A. M. Santa Marta de La Algaba,1,ambiguo_2_bandas_por_contencion,"115,73",Pino Montano / Paso de Cristo / 1991
A.M. Ntro. Padre Jesús de la Redención,1,ambiguo_3_bandas_por_contencion,"11,163,2",Pino Montano / Paso de Cristo / 1993
B. Ntra Sra de la Victoria Cigarreras,1,ambiguo_4_bandas_por_contencion,"1,100,16,269",Padre Pio / Paso de Palio / 2013
"A. M. de las Aguas, de Las Cabezas de San Juan",1,ambiguo_2_bandas_por_contencion,"252,33",Dulce Nombre de Bellavista / Paso de Cristo / 1994
B. Juvenil Ntra. Sra. de la Victoria (Cigarreras),1,ambiguo_4_bandas_por_contencion,"1,100,16,269",Dulce Nombre de Bellavista / Paso de Cristo / 1996
"B. Ntra Sra de la Victoria ""Cigarreras""",1,ambiguo_4_bandas_por_contencion,"1,100,16,269",La Milagrosa / Paso de Palio / 2026
A. M. Virgen de las Angustias,1,ambiguo_2_bandas_nombre_identico,"62,92",La Borriquita / Paso de Cristo / 1980
B. Ntra. Sra. de Gracia y Esperanza (Patón),1,ambiguo_3_bandas_por_contencion,"120,166,255",La Borriquita / Paso de Cristo / 1981
B. de cornetas de la Cruz Roja,1,ambiguo_2_bandas_nombre_identico,"14,169",Jesus Despojado / Paso de Cristo / 1980
A. M. Mª Stma. de la Paz y A. M. Ntra. Sra. de los Reyes,1,ambiguo_2_bandas_por_contencion,"228,60",La Paz / Paso de Cristo / 1999
A. M. Santa Cecilia,1,ambiguo_2_bandas_nombre_identico,"106,191",La Amargura / Paso de Virgen / 1987
