banda_raw,n_filas_afectadas,motivo,ejemplos
BM Maestro Tejera,232,sin_match,La Cena / Paso de Palio / 1980 ; La Cena / Paso de Palio / 1981 ; La Cena / Paso de Palio / 1982
Sociedad Filarmonica Nuestra Senora de la Oliva de Salteras,80,sin_match,La Estrella / Paso de Palio / 1981 ; La Estrella / Paso de Palio / 1982 ; La Estrella / Paso de Palio / 1983
Soc. F. Ntra. Sra. de la Oliva de Salteras,67,sin_match,El Museo / Paso de Palio / 2006 ; El Museo / Paso de Palio / 2007 ; El Museo / Paso de Palio / 2008
Banda Municipal de La Puebla del Río,59,sin_match,Las Aguas / Paso de Palio / 1980 ; Las Aguas / Paso de Palio / 1981 ; Las Aguas / Paso de Palio / 1982
BM Santa Ana de Dos Hermanas,51,sin_match,La Paz / Paso de Palio / 2006 ; La Paz / Paso de Palio / 2007 ; La Paz / Paso de Palio / 2008
AM Sta. Mª Magdalena (Arahal),47,sin_match,La Hiniesta / Paso de Cristo / 1980 ; La Hiniesta / Paso de Cristo / 1981 ; La Hiniesta / Paso de Cristo / 1982
B. del Maestro Tejera,47,sin_match,La Cena / Paso de Virgen / 1980 ; La Cena / Paso de Virgen / 1981 ; La Cena / Paso de Virgen / 1982
BM Nuestra Senora del Aguila de Alcala de Guadaira,40,sin_match,Los Servitas / Paso de Cristo / 1980 ; Los Servitas / Paso de Cristo / 1981 ; Los Servitas / Paso de Cristo / 1982
BM Agrupacion de Guillena,29,sin_match,San Roque / Paso de Palio / 1980 ; San Roque / Paso de Palio / 1981 ; San Roque / Paso de Palio / 1982
BM Julián Cerdán de Sanlúcar,28,sin_match,Los Javieres / Paso de Palio / 1999 ; Los Javieres / Paso de Palio / 2000 ; Los Javieres / Paso de Palio / 2001
BM Nuestra Señora de la Oliva de Salteras,27,sin_match,El Beso de Judas / Paso de Palio / 1982 ; El Beso de Judas / Paso de Palio / 1983 ; El Beso de Judas / Paso de Palio / 1984
BM Nuestra Señora del Águila de Alcalá de Guadaira,26,sin_match,Los Estudiantes / Paso de Palio / 2001 ; Los Estudiantes / Paso de Palio / 2002 ; Los Estudiantes / Paso de Palio / 2003
B. Santa Ana Dos Hermanas,25,sin_match,Dulce Nombre de Bellavista / Paso de Palio / 2002 ; Dulce Nombre de Bellavista / Paso de Palio / 2003 ; Dulce Nombre de Bellavista / Paso de Palio / 2004
BM Mecanizada Guzmán el Bueno (Soria 9),24,sin_match,El Museo / Paso de Palio / 1985 ; El Museo / Paso de Palio / 1986 ; El Museo / Paso de Palio / 1987
Sociedad Filarmónica de Pilas,22,sin_match,El Beso de Judas / Paso de Palio / 1996 ; El Beso de Judas / Paso de Palio / 1997 ; El Beso de Judas / Paso de Palio / 1998
BM Filarmonica de Pilas,22,sin_match,La Lanzada / Paso de Palio / 1994 ; La Lanzada / Paso de Palio / 1995 ; La Lanzada / Paso de Palio / 1996
Soc. Filarmónica Nuestra Señora de la Oliva de Salteras,21,sin_match,El Dulce Nombre / Paso de Palio / 2006 ; El Dulce Nombre / Paso de Palio / 2007 ; El Dulce Nombre / Paso de Palio / 2008
B. Santa Ana de Dos Hermanas,21,sin_match,Divino Perdon de Alcosa / Paso de Palio / 2025 ; Divino Perdon de Alcosa / Paso de Palio / 2026 ; La Paz / Paso de Virgen / 2006
Agrupacion Musical Nuestra Senora del Aguila,19,sin_match,La Amargura / Paso de Palio / 2000 ; La Amargura / Paso de Palio / 2001 ; La Amargura / Paso de Palio / 2002
BM Ntra. Sra. del Águila de Alcalá de Guadaira,19,sin_match,La Amargura / Paso de Virgen / 2000 ; La Amargura / Paso de Virgen / 2001 ; La Amargura / Paso de Virgen / 2002
BM Santa Maria del Alcor,18,sin_match,Jesus Despojado / Paso de Palio / 1990 ; La Estrella / Paso de Palio / 1980 ; El Amor / Paso de Palio / 1984
AM San Esteban,18,sin_match,San Esteban / Paso de Misterio / 1980 ; San Esteban / Paso de Misterio / 1981 ; San Esteban / Paso de Misterio / 1982
Sociedad Filarmonica de Pilas,17,sin_match,Jesus Despojado / Paso de Palio / 1993 ; Jesus Despojado / Paso de Palio / 1994 ; Jesus Despojado / Paso de Palio / 1995
BM Municipal de Mairena del Alcor,17,sin_match,La Hiniesta / Paso de Palio / 2019 ; El Beso de Judas / Paso de Palio / 2005 ; El Beso de Judas / Paso de Palio / 2006
Sociedad Filarmonica Nuestra Senora de la Oliva de Salteras hasta la Catedral y Banda Municipal de Mairena del Alcor desde la Catedral,17,doblete_dos_bandas,La Sed / Paso de Palio / 2003 ; La Sed / Paso de Palio / 2004 ; La Sed / Paso de Palio / 2005
BM Santa Ana,17,sin_match,Los Panaderos / Paso de Palio / 2003 ; Los Panaderos / Paso de Palio / 2004 ; Los Panaderos / Paso de Palio / 2005
Soc. Filarmónica de Pilas,17,sin_match,Jesus Despojado / Paso de Virgen / 1993 ; Jesus Despojado / Paso de Virgen / 1994 ; Jesus Despojado / Paso de Virgen / 1995
Banda Municipal de Guillena,16,sin_match,San Benito / Paso de Palio / 1995 ; San Benito / Paso de Palio / 1996 ; San Benito / Paso de Palio / 1997
BM Santa María del Alcor,15,sin_match,San Benito / Paso de Palio / 1980 ; San Benito / Paso de Palio / 1981 ; San Benito / Paso de Palio / 1982
BM Municipal de la Puebla del Rio,15,sin_match,Montesion / Paso de Palio / 2001 ; Montesion / Paso de Palio / 2002 ; Montesion / Paso de Palio / 2003
B. Rgto. Soria 9,15,sin_match,La Paz / Paso de Virgen / 1985 ; La Paz / Paso de Virgen / 1986 ; La Paz / Paso de Virgen / 1987
CyT Cristo de las Tres Caídas (ida)/CyT San Juan Evangelista (vuelta),15,doblete_dos_bandas,San Pablo / Paso de Cristo / 2008 ; San Pablo / Paso de Cristo / 2009 ; San Pablo / Paso de Cristo / 2010
B. Liceo de Moguer,14,sin_match,Jesus Despojado / Paso de Virgen / 2013 ; Jesus Despojado / Paso de Virgen / 2014 ; Jesus Despojado / Paso de Virgen / 2015
B. Ntra. Sra. de Guaditoca (Guadalcanal),13,sin_match,Padre Pio / Paso de Palio / 2000 ; Padre Pio / Paso de Palio / 2001 ; Padre Pio / Paso de Palio / 2002
BM Mecanizada Guzman el Bueno (Soria 9),12,sin_match,La Paz / Paso de Palio / 1985 ; La Paz / Paso de Palio / 1986 ; La Paz / Paso de Palio / 1987
CCTT Tres Caidas (Salida hasta la Catedral) / CCTT San Juan Evangelista (Catedral hasta la Entrada),12,doblete_dos_bandas,San Pablo / Paso de Misterio / 2008 ; San Pablo / Paso de Misterio / 2009 ; San Pablo / Paso de Misterio / 2010
A. Musical de Guillena,12,sin_match,Jesus Despojado / Paso de Virgen / 1989 ; San Roque / Paso de Virgen / 1980 ; San Roque / Paso de Virgen / 1981
BM Ntra Sra de la Victoria de Las Cigarreras (ida) y BM Virgen del Castillo de Lebrija (vuelta),11,doblete_dos_bandas,San Pablo / Paso de Palio / 2014 ; San Pablo / Paso de Palio / 2015 ; San Pablo / Paso de Palio / 2016
BM Division Mecanizada Guzman el Bueno (Soria 9),11,sin_match,Soledad de San Buenaventura /  / 1987 ; Soledad de San Buenaventura /  / 1988 ; Soledad de San Buenaventura /  / 1989
B. Virgen del Castillo (Lebrija),11,sin_match,San Jose Obrero / Paso de Virgen / 2009 ; San Jose Obrero / Paso de Virgen / 2010 ; San Jose Obrero / Paso de Virgen / 2011
BM Asociacion Musical Utrerana,10,sin_match,El Valle / Paso de Palio / 1985 ; El Valle / Paso de Palio / 1986 ; El Valle / Paso de Palio / 1987
BM Agrupacion Nazarena Municipal de Dos Hermanas,9,sin_match,Cristo de Burgos / Paso de Palio / 1992 ; Cristo de Burgos / Paso de Palio / 1993 ; Cristo de Burgos / Paso de Palio / 1994
BM Municipal de Coria del Rio,9,sin_match,Las Siete Palabras / Paso de Palio / 2000 ; Las Siete Palabras / Paso de Palio / 2001 ; Las Siete Palabras / Paso de Palio / 2002
B. de la Veracruz de Utrera,9,sin_match,Jesus Despojado / Paso de Cristo / 1996 ; Jesus Despojado / Paso de Cristo / 1997 ; Jesus Despojado / Paso de Cristo / 1998
BM Guzman el Bueno (Soria 9),8,sin_match,Los Panaderos / Paso de Palio / 1989 ; Los Panaderos / Paso de Palio / 1990 ; Los Panaderos / Paso de Palio / 1991
BM Mairena del Alcor,8,sin_match,La Hiniesta / Paso de Virgen / 2019 ; La Hiniesta / Paso de Virgen / 2020 ; La Hiniesta / Paso de Virgen / 2021
Liceo de Moguer,7,sin_match,Jesus Despojado / Paso de Palio / 2013 ; Jesus Despojado / Paso de Palio / 2014 ; Jesus Despojado / Paso de Palio / 2015
BM Cuartel General Region Sur (Soria 9),7,sin_match,La Paz / Paso de Palio / 1997 ; La Paz / Paso de Palio / 1998 ; La Paz / Paso de Palio / 1999
Asociacion Musical Utrerana,7,sin_match,La Amargura / Paso de Palio / 1988 ; La Amargura / Paso de Palio / 1989 ; La Amargura / Paso de Palio / 1990
BM Municipal de Aznalcollar,7,sin_match,El Carmen / Paso de Palio / 2013 ; El Carmen / Paso de Palio / 2014 ; El Carmen / Paso de Palio / 2015
BM Nuestra Senora del Aguila de Alcala,7,sin_match,Las Siete Palabras / Paso de Palio / 2010 ; Las Siete Palabras / Paso de Palio / 2011 ; Las Siete Palabras / Paso de Palio / 2012
AM Sta. Ma Magdalena (Arahal),7,sin_match,La Trinidad / Paso de las Cinco Llagas / 1980 ; La Trinidad / Paso de las Cinco Llagas / 1981 ; La Trinidad / Paso de las Cinco Llagas / 1982
B. de Santa María del Viso del Alcor,7,sin_match,Jesus Despojado / Paso de Virgen / 1990 ; La Estrella / Paso de Virgen / 1980 ; El Amor / Paso de Virgen / 1984
A. Musical Utrerana,7,sin_match,La Amargura / Paso de Virgen / 1988 ; La Amargura / Paso de Virgen / 1989 ; La Amargura / Paso de Virgen / 1990
CCTT Jesus Cautivo y Santiago (Sanlucar / Aznalcazar),6,doblete_dos_bandas,El Carmen / Paso de Misterio / 2007 ; El Carmen / Paso de Misterio / 2008 ; El Carmen / Paso de Misterio / 2009
BM Rota,6,sin_match,Cristo de Burgos / Paso de Palio / 1986 ; Cristo de Burgos / Paso de Palio / 1987 ; Cristo de Burgos / Paso de Palio / 1988
Banda Municipal de Mairena del Alcor,6,sin_match,Soledad de San Buenaventura /  / 2014 ; Soledad de San Buenaventura /  / 2015 ; Soledad de San Buenaventura /  / 2016
B. Maestro Enrique Galán de Rota,6,sin_match,La Milagrosa / Paso de Palio / 2010 ; La Milagrosa / Paso de Palio / 2011 ; La Milagrosa / Paso de Palio / 2012
AM Santo Domingo El Sabio,5,sin_match,La Estrella / Paso de Misterio / 1980 ; La Estrella / Paso de Misterio / 1981 ; La Estrella / Paso de Misterio / 1982
B. Castillo de Lebrija (ida) y B. Cruz Roja (vuelta),5,doblete_dos_bandas,San Pablo / Paso de Palio / 2009 ; San Pablo / Paso de Palio / 2010 ; San Pablo / Paso de Palio / 2011
BM Guillena,5,sin_match,El Beso de Judas / Paso de Palio / 1980 ; El Beso de Judas / Paso de Palio / 1981 ; El Beso de Judas / Paso de Palio / 1985
BM Municipal de Puebla del Rio,5,sin_match,La Sed / Paso de Palio / 1998 ; La Sed / Paso de Palio / 1999 ; La Sed / Paso de Palio / 2000
BM Asociacion de Camas,5,sin_match,La Esperanza de Triana / Paso de Palio / 1993 ; La Esperanza de Triana / Paso de Palio / 1994 ; La Esperanza de Triana / Paso de Palio / 1995
BM del Maestro Tejera,5,sin_match,El Cachorro / Paso de Palio / 1981 ; El Cachorro / Paso de Palio / 1982 ; El Cachorro / Paso de Palio / 1983
BM Regimiento Soria 9,5,sin_match,Montserrat / Paso de Palio / 1980 ; Montserrat / Paso de Palio / 1981 ; Montserrat / Paso de Palio / 1982
B. Municipal Puebla del Rio,5,sin_match,Pino Montano / Paso de Palio / 2024 ; Pino Montano / Paso de Palio / 2025 ; Pino Montano / Paso de Palio / 2026
B. Municipal de Coria del Rio,5,sin_match,San Jose Obrero / Paso de Virgen / 2022 ; San Jose Obrero / Paso de Virgen / 2023 ; San Jose Obrero / Paso de Virgen / 2024
B. Santo Domingo Sabio de Alcalá de Gra.,5,sin_match,La Estrella / Paso de Cristo / 1980 ; La Estrella / Paso de Cristo / 1981 ; La Estrella / Paso de Cristo / 1982
BM Nuestra Senora de la Hiniesta,4,sin_match,La Hiniesta / Paso de Palio / 1980 ; La Hiniesta / Paso de Palio / 1981 ; La Hiniesta / Paso de Palio / 1982
CCTT Jesus Cautivo y Santiago Apostol (Sanlucar/Aznalcazar),4,doblete_dos_bandas,Santa Genoveva / Paso del Cautivo / 2007 ; Santa Genoveva / Paso del Cautivo / 2008 ; Santa Genoveva / Paso del Cautivo / 2009
BM Municipal de Guillena,4,sin_match,La Candelaria / Paso de Palio / 1980 ; La Candelaria / Paso de Palio / 1981 ; La Candelaria / Paso de Palio / 1982
BM Agrupación de Guillena,4,sin_match,El Dulce Nombre / Paso de Palio / 1985 ; El Dulce Nombre / Paso de Palio / 1986 ; El Dulce Nombre / Paso de Palio / 1987
BM Guadalrosal de Los Rosales,4,sin_match,El Carmen / Paso de Palio / 2009 ; El Carmen / Paso de Palio / 2010 ; El Carmen / Paso de Palio / 2011
BM Julian Cerdan de Sanlucar de Barrameda,4,sin_match,Cristo de Burgos / Paso de Palio / 2001 ; Cristo de Burgos / Paso de Palio / 2002 ; Cristo de Burgos / Paso de Palio / 2003
AM La O,4,sin_match,La O / Paso de Cristo / 1980 ; La O / Paso de Cristo / 1981 ; La O / Paso de Cristo / 1982
B. Ntra. Sra. de la Hiniesta (Cruz Roja),4,sin_match,La Hiniesta / Paso de Virgen / 1980 ; La Hiniesta / Paso de Virgen / 1981 ; La Hiniesta / Paso de Virgen / 1982
CCTT Jesús Cautivo y Santiago Apóstol (Sanlúcar/Aznalcázar),4,doblete_dos_bandas,Santa Genoveva / Paso Cristo (Cautivo) / 2007 ; Santa Genoveva / Paso Cristo (Cautivo) / 2008 ; Santa Genoveva / Paso Cristo (Cautivo) / 2009
BM Cuartel General Región Sur (Soria 9),4,sin_match,Los Estudiantes / Paso de Palio / 1997 ; Los Estudiantes / Paso de Palio / 1998 ; Los Estudiantes / Paso de Palio / 1999
B. Veracruz (Los Palacios),3,sin_match,Padre Pio / Paso de Cristo / 2002 ; Padre Pio / Paso de Cristo / 2003 ; Padre Pio / Paso de Cristo / 2004
Banda de la Academia Municipal de Carmona,3,sin_match,La Amargura / Paso de Palio / 1985 ; La Amargura / Paso de Palio / 1986 ; La Amargura / Paso de Palio / 1987
AM San Benito,3,sin_match,San Benito / Paso de Misterio / 1982 ; San Benito / Paso de Misterio / 1983 ; San Benito / Paso de Misterio / 1984
BM Alvarez Quintero de Utrera,3,sin_match,La Lanzada / Paso de Palio / 1985 ; La Lanzada / Paso de Palio / 1986 ; La Lanzada / Paso de Palio / 1987
AM Lagrimas de San Fernando,3,sin_match,Padre Pio / Paso de Cristo / 2024 ; Padre Pio / Paso de Cristo / 2025 ; Padre Pio / Paso de Cristo / 2026
B. Municipal de Valverde del Camino,3,sin_match,Jesus Despojado / Paso de Virgen / 2010 ; Jesus Despojado / Paso de Virgen / 2011 ; Jesus Despojado / Paso de Virgen / 2012
BM Valverde del Camino,2,sin_match,Jesus Despojado / Paso de Palio / 2011 ; Jesus Despojado / Paso de Palio / 2012
BM Fernando Guerrero de los Palacios,2,sin_match,La Paz / Paso de Palio / 2000 ; La Paz / Paso de Palio / 2001
BM Álvarez Quintero de Utrera,2,sin_match,El Cerro del Aguila / Paso de Palio / 1989 ; El Cerro del Aguila / Paso de Palio / 1990
BM Ntra. Sra. Del Águila de Alcala de Guadaira,2,sin_match,Santa Cruz / Paso de Palio / 1985 ; Santa Cruz / Paso de Palio / 1986
AM El Cachorro,2,sin_match,El Cachorro / Paso de Cristo / 1980 ; El Cachorro / Paso de Cristo / 1981
A. M. Jesús Despojado/ AM Virgen de los Reyes,2,doblete_dos_bandas,Jesus Despojado / Paso de Cristo / 2010 ; Jesus Despojado / Paso de Cristo / 2011
B. Municipal Fernando Guerrero de Los Palacios,2,sin_match,La Paz / Paso de Virgen / 2000 ; La Paz / Paso de Virgen / 2001
B. Municipal de Carmona,2,sin_match,La Amargura / Paso de Virgen / 1985 ; La Amargura / Paso de Virgen / 1986
CyT Cristo de las Tres Caídas (ida)/CyT Salud de Córdoba (vuelta),2,doblete_dos_bandas,San Pablo / Paso de Cristo / 2023 ; San Pablo / Paso de Cristo / 2024
AM Sta María Magdalena Arahal (ida)/AM Virgen de los Reyes (vuelta),2,doblete_dos_bandas,San Pablo / Paso de Cristo / 2025 ; San Pablo / Paso de Cristo / 2026
BM Ntra Sra de las Nieves de Olivares (ida) y BM Municipal Puebla del Rio (vuelta),2,doblete_dos_bandas,San Pablo / Paso de Palio / 2025 ; San Pablo / Paso de Palio / 2026
B. de S. Francisco Javier,1,sin_match,La Mision /  / 1997
AM Sta. Maria la Blanca (Los Palacios),1,sin_match,Dolores de Torreblanca / Paso de Misterio / 1995
BM de Guillena,1,sin_match,Jesus Despojado / Paso de Palio / 1989
BM Carrion de los Cespedes,1,sin_match,San Roque / Paso de Palio / 1989
Banda de Montserrat,1,sin_match,La Amargura / Paso de Palio / 1984
BM Cuartel General de la Región Sur (Soria 9),1,sin_match,El Museo / Paso de Palio / 1997
CCTT Cristo de la Sed (hasta la Encarnacion) / CCTT Nuestra Senora de la Salud de Utrera (desde la Encarnacion),1,doblete_dos_bandas,La Sed / Paso de Cristo / 2003
BM Municipal de Huevar,1,sin_match,La Sed / Paso de Palio / 1984
BM Municipal de Carrion de los Cespedes,1,sin_match,La Sed / Paso de Palio / 1985
BM Nuestra Senora de Belen,1,sin_match,Cristo de Burgos / Paso de Palio / 1985
Banda Municipal de Valverde del Camino,1,sin_match,Las Siete Palabras / Paso de Palio / 2009
BM Asociacion Musical de Camas,1,sin_match,Los Panaderos / Paso de Palio / 1997
AM Santa Agueda de Villalba del Alcor,1,sin_match,La Esperanza de Triana / Paso de Misterio / 1980
AM Virgen de los Reyes hasta la Catedral y AM Ntro. Padre Jesus de la Salud hasta la entrada,1,doblete_dos_bandas,Los Gitanos / Paso del Senor / 2006
BM Nuestra Senora de la Hiniesta (Cruz Roja),1,sin_match,La Carreteria / Paso de Palio / 1980
CCTT Guardia Civil de Valdemoro,1,sin_match,El Cachorro / Paso de Cristo / 1988
Banda de Musica Municipal de Estepona,1,sin_match,El Cachorro / Paso de Palio / 1980
B. Municipal de La Rinconada,1,sin_match,Pino Montano / Paso de Palio / 1993
B. Municipal de Gerena,1,sin_match,Pino Montano / Paso de Palio / 1994
B. Municipal de Puebla del Río,1,sin_match,Pino Montano / Paso de Palio / 1995
B. Municipal de Aracena (Huelva),1,sin_match,Padre Pio / Paso de Palio / 1997
B. Fernando Guerrero Los Palacios,1,sin_match,Padre Pio / Paso de Palio / 2019
B. de Música de Puebla del Río,1,sin_match,Dolores de Torreblanca / Paso de Virgen / 1995
A. Musical de Carrión de los Céspedes,1,sin_match,San Roque / Paso de Virgen / 1989
B. Maestro Enrique Montero de Chiclana (ida)/B. Ntra Sra de la Victoria de Las Cigarreras (vuelta),1,doblete_dos_bandas,San Pablo / Paso de Palio / 2008
"BM Municipal de Mairena del Alcor (nota: costalero_prado propuso ""BM Julián Cerdán Sanlucar de Barrameda"" para 2026 pero fue corregido en #751-752: ""sigue siendo Mairena del Alcor"", error de una IA)",1,sin_match,Las Aguas / Paso de Palio / 2026
