source,dia,hermandad,paso,anio,banda_raw,orig_line
foro-2026-costalero_prado-carrera,Lunes Santo,VERACRUZ,Paso de Cristo,1980,Sin música,1980-2005: Sin música
foro-2026-costalero_prado-carrera,Lunes Santo,VERACRUZ,Paso de Cristo,1981,Sin música,1980-2005: Sin música
foro-2026-costalero_prado-carrera,Lunes Santo,VERACRUZ,Paso de Cristo,1982,Sin música,1980-2005: Sin música
foro-2026-costalero_prado-carrera,Lunes Santo,VERACRUZ,Paso de Cristo,1983,Sin música,1980-2005: Sin música
foro-2026-costalero_prado-carrera,Lunes Santo,VERACRUZ,Paso de Cristo,1984,Sin música,1980-2005: Sin música
foro-2026-costalero_prado-carrera,Lunes Santo,VERACRUZ,Paso de Cristo,1985,Sin música,1980-2005: Sin música
foro-2026-costalero_prado-carrera,Lunes Santo,VERACRUZ,Paso de Cristo,1986,Sin música,1980-2005: Sin música
foro-2026-costalero_prado-carrera,Lunes Santo,VERACRUZ,Paso de Cristo,1987,Sin música,1980-2005: Sin música
foro-2026-costalero_prado-carrera,Lunes Santo,VERACRUZ,Paso de Cristo,1988,Sin música,1980-2005: Sin música
foro-2026-costalero_prado-carrera,Lunes Santo,VERACRUZ,Paso de Cristo,1989,Sin música,1980-2005: Sin música
foro-2026-costalero_prado-carrera,Lunes Santo,VERACRUZ,Paso de Cristo,1990,Sin música,1980-2005: Sin música
foro-2026-costalero_prado-carrera,Lunes Santo,VERACRUZ,Paso de Cristo,1991,Sin música,1980-2005: Sin música
foro-2026-costalero_prado-carrera,Lunes Santo,VERACRUZ,Paso de Cristo,1992,Sin música,1980-2005: Sin música
foro-2026-costalero_prado-carrera,Lunes Santo,VERACRUZ,Paso de Cristo,1993,Sin música,1980-2005: Sin música
foro-2026-costalero_prado-carrera,Lunes Santo,VERACRUZ,Paso de Cristo,1994,Sin música,1980-2005: Sin música
foro-2026-costalero_prado-carrera,Lunes Santo,VERACRUZ,Paso de Cristo,1995,Sin música,1980-2005: Sin música
foro-2026-costalero_prado-carrera,Lunes Santo,VERACRUZ,Paso de Cristo,1996,Sin música,1980-2005: Sin música
foro-2026-costalero_prado-carrera,Lunes Santo,VERACRUZ,Paso de Cristo,1997,Sin música,1980-2005: Sin música
foro-2026-costalero_prado-carrera,Lunes Santo,VERACRUZ,Paso de Cristo,1998,Sin música,1980-2005: Sin música
foro-2026-costalero_prado-carrera,Lunes Santo,VERACRUZ,Paso de Cristo,1999,Sin música,1980-2005: Sin música
foro-2026-costalero_prado-carrera,Lunes Santo,VERACRUZ,Paso de Cristo,2000,Sin música,1980-2005: Sin música
foro-2026-costalero_prado-carrera,Lunes Santo,VERACRUZ,Paso de Cristo,2001,Sin música,1980-2005: Sin música
foro-2026-costalero_prado-carrera,Lunes Santo,VERACRUZ,Paso de Cristo,2002,Sin música,1980-2005: Sin música
foro-2026-costalero_prado-carrera,Lunes Santo,VERACRUZ,Paso de Cristo,2003,Sin música,1980-2005: Sin música
foro-2026-costalero_prado-carrera,Lunes Santo,VERACRUZ,Paso de Cristo,2004,Sin música,1980-2005: Sin música
foro-2026-costalero_prado-carrera,Lunes Santo,VERACRUZ,Paso de Cristo,2005,Sin música,1980-2005: Sin música
foro-2026-costalero_prado-carrera,Lunes Santo,VERACRUZ,Paso de Cristo,2006,Música de Capilla (sin banda),2006-2026: Música de Capilla (sin banda)
foro-2026-costalero_prado-carrera,Lunes Santo,VERACRUZ,Paso de Cristo,2007,Música de Capilla (sin banda),2006-2026: Música de Capilla (sin banda)
foro-2026-costalero_prado-carrera,Lunes Santo,VERACRUZ,Paso de Cristo,2008,Música de Capilla (sin banda),2006-2026: Música de Capilla (sin banda)
foro-2026-costalero_prado-carrera,Lunes Santo,VERACRUZ,Paso de Cristo,2009,Música de Capilla (sin banda),2006-2026: Música de Capilla (sin banda)
foro-2026-costalero_prado-carrera,Lunes Santo,VERACRUZ,Paso de Cristo,2010,Música de Capilla (sin banda),2006-2026: Música de Capilla (sin banda)
foro-2026-costalero_prado-carrera,Lunes Santo,VERACRUZ,Paso de Cristo,2011,Música de Capilla (sin banda),2006-2026: Música de Capilla (sin banda)
foro-2026-costalero_prado-carrera,Lunes Santo,VERACRUZ,Paso de Cristo,2012,Música de Capilla (sin banda),2006-2026: Música de Capilla (sin banda)
foro-2026-costalero_prado-carrera,Lunes Santo,VERACRUZ,Paso de Cristo,2013,Música de Capilla (sin banda),2006-2026: Música de Capilla (sin banda)
foro-2026-costalero_prado-carrera,Lunes Santo,VERACRUZ,Paso de Cristo,2014,Música de Capilla (sin banda),2006-2026: Música de Capilla (sin banda)
foro-2026-costalero_prado-carrera,Lunes Santo,VERACRUZ,Paso de Cristo,2015,Música de Capilla (sin banda),2006-2026: Música de Capilla (sin banda)
foro-2026-costalero_prado-carrera,Lunes Santo,VERACRUZ,Paso de Cristo,2016,Música de Capilla (sin banda),2006-2026: Música de Capilla (sin banda)
foro-2026-costalero_prado-carrera,Lunes Santo,VERACRUZ,Paso de Cristo,2017,Música de Capilla (sin banda),2006-2026: Música de Capilla (sin banda)
foro-2026-costalero_prado-carrera,Lunes Santo,VERACRUZ,Paso de Cristo,2018,Música de Capilla (sin banda),2006-2026: Música de Capilla (sin banda)
foro-2026-costalero_prado-carrera,Lunes Santo,VERACRUZ,Paso de Cristo,2019,Música de Capilla (sin banda),2006-2026: Música de Capilla (sin banda)
foro-2026-costalero_prado-carrera,Lunes Santo,VERACRUZ,Paso de Cristo,2020,Música de Capilla (sin banda),2006-2026: Música de Capilla (sin banda)
foro-2026-costalero_prado-carrera,Lunes Santo,VERACRUZ,Paso de Cristo,2021,Música de Capilla (sin banda),2006-2026: Música de Capilla (sin banda)
foro-2026-costalero_prado-carrera,Lunes Santo,VERACRUZ,Paso de Cristo,2022,Música de Capilla (sin banda),2006-2026: Música de Capilla (sin banda)
foro-2026-costalero_prado-carrera,Lunes Santo,VERACRUZ,Paso de Cristo,2023,Música de Capilla (sin banda),2006-2026: Música de Capilla (sin banda)
foro-2026-costalero_prado-carrera,Lunes Santo,VERACRUZ,Paso de Cristo,2024,Música de Capilla (sin banda),2006-2026: Música de Capilla (sin banda)
foro-2026-costalero_prado-carrera,Lunes Santo,VERACRUZ,Paso de Cristo,2025,Música de Capilla (sin banda),2006-2026: Música de Capilla (sin banda)
foro-2026-costalero_prado-carrera,Lunes Santo,VERACRUZ,Paso de Cristo,2026,Música de Capilla (sin banda),2006-2026: Música de Capilla (sin banda)
foro-2026-costalero_prado-carrera,Lunes Santo,VERACRUZ,Paso de Virgen,1980,Sin música,1980-2005: Sin música
foro-2026-costalero_prado-carrera,Lunes Santo,VERACRUZ,Paso de Virgen,1981,Sin música,1980-2005: Sin música
foro-2026-costalero_prado-carrera,Lunes Santo,VERACRUZ,Paso de Virgen,1982,Sin música,1980-2005: Sin música
foro-2026-costalero_prado-carrera,Lunes Santo,VERACRUZ,Paso de Virgen,1983,Sin música,1980-2005: Sin música
foro-2026-costalero_prado-carrera,Lunes Santo,VERACRUZ,Paso de Virgen,1984,Sin música,1980-2005: Sin música
foro-2026-costalero_prado-carrera,Lunes Santo,VERACRUZ,Paso de Virgen,1985,Sin música,1980-2005: Sin música
foro-2026-costalero_prado-carrera,Lunes Santo,VERACRUZ,Paso de Virgen,1986,Sin música,1980-2005: Sin música
foro-2026-costalero_prado-carrera,Lunes Santo,VERACRUZ,Paso de Virgen,1987,Sin música,1980-2005: Sin música
foro-2026-costalero_prado-carrera,Lunes Santo,VERACRUZ,Paso de Virgen,1988,Sin música,1980-2005: Sin música
foro-2026-costalero_prado-carrera,Lunes Santo,VERACRUZ,Paso de Virgen,1989,Sin música,1980-2005: Sin música
foro-2026-costalero_prado-carrera,Lunes Santo,VERACRUZ,Paso de Virgen,1990,Sin música,1980-2005: Sin música
foro-2026-costalero_prado-carrera,Lunes Santo,VERACRUZ,Paso de Virgen,1991,Sin música,1980-2005: Sin música
foro-2026-costalero_prado-carrera,Lunes Santo,VERACRUZ,Paso de Virgen,1992,Sin música,1980-2005: Sin música
foro-2026-costalero_prado-carrera,Lunes Santo,VERACRUZ,Paso de Virgen,1993,Sin música,1980-2005: Sin música
foro-2026-costalero_prado-carrera,Lunes Santo,VERACRUZ,Paso de Virgen,1994,Sin música,1980-2005: Sin música
foro-2026-costalero_prado-carrera,Lunes Santo,VERACRUZ,Paso de Virgen,1995,Sin música,1980-2005: Sin música
foro-2026-costalero_prado-carrera,Lunes Santo,VERACRUZ,Paso de Virgen,1996,Sin música,1980-2005: Sin música
foro-2026-costalero_prado-carrera,Lunes Santo,VERACRUZ,Paso de Virgen,1997,Sin música,1980-2005: Sin música
foro-2026-costalero_prado-carrera,Lunes Santo,VERACRUZ,Paso de Virgen,1998,Sin música,1980-2005: Sin música
foro-2026-costalero_prado-carrera,Lunes Santo,VERACRUZ,Paso de Virgen,1999,Sin música,1980-2005: Sin música
foro-2026-costalero_prado-carrera,Lunes Santo,VERACRUZ,Paso de Virgen,2000,Sin música,1980-2005: Sin música
foro-2026-costalero_prado-carrera,Lunes Santo,VERACRUZ,Paso de Virgen,2001,Sin música,1980-2005: Sin música
foro-2026-costalero_prado-carrera,Lunes Santo,VERACRUZ,Paso de Virgen,2002,Sin música,1980-2005: Sin música
foro-2026-costalero_prado-carrera,Lunes Santo,VERACRUZ,Paso de Virgen,2003,Sin música,1980-2005: Sin música
foro-2026-costalero_prado-carrera,Lunes Santo,VERACRUZ,Paso de Virgen,2004,Sin música,1980-2005: Sin música
foro-2026-costalero_prado-carrera,Lunes Santo,VERACRUZ,Paso de Virgen,2005,Sin música,1980-2005: Sin música
foro-2026-costalero_prado-carrera,Lunes Santo,VERACRUZ,Paso de Virgen,2006,Música de Capilla (sin banda),2006-2026: Música de Capilla (sin banda)
foro-2026-costalero_prado-carrera,Lunes Santo,VERACRUZ,Paso de Virgen,2007,Música de Capilla (sin banda),2006-2026: Música de Capilla (sin banda)
foro-2026-costalero_prado-carrera,Lunes Santo,VERACRUZ,Paso de Virgen,2008,Música de Capilla (sin banda),2006-2026: Música de Capilla (sin banda)
foro-2026-costalero_prado-carrera,Lunes Santo,VERACRUZ,Paso de Virgen,2009,Música de Capilla (sin banda),2006-2026: Música de Capilla (sin banda)
foro-2026-costalero_prado-carrera,Lunes Santo,VERACRUZ,Paso de Virgen,2010,Música de Capilla (sin banda),2006-2026: Música de Capilla (sin banda)
foro-2026-costalero_prado-carrera,Lunes Santo,VERACRUZ,Paso de Virgen,2011,Música de Capilla (sin banda),2006-2026: Música de Capilla (sin banda)
foro-2026-costalero_prado-carrera,Lunes Santo,VERACRUZ,Paso de Virgen,2012,Música de Capilla (sin banda),2006-2026: Música de Capilla (sin banda)
foro-2026-costalero_prado-carrera,Lunes Santo,VERACRUZ,Paso de Virgen,2013,Música de Capilla (sin banda),2006-2026: Música de Capilla (sin banda)
foro-2026-costalero_prado-carrera,Lunes Santo,VERACRUZ,Paso de Virgen,2014,Música de Capilla (sin banda),2006-2026: Música de Capilla (sin banda)
foro-2026-costalero_prado-carrera,Lunes Santo,VERACRUZ,Paso de Virgen,2015,Música de Capilla (sin banda),2006-2026: Música de Capilla (sin banda)
foro-2026-costalero_prado-carrera,Lunes Santo,VERACRUZ,Paso de Virgen,2016,Música de Capilla (sin banda),2006-2026: Música de Capilla (sin banda)
foro-2026-costalero_prado-carrera,Lunes Santo,VERACRUZ,Paso de Virgen,2017,Música de Capilla (sin banda),2006-2026: Música de Capilla (sin banda)
foro-2026-costalero_prado-carrera,Lunes Santo,VERACRUZ,Paso de Virgen,2018,Música de Capilla (sin banda),2006-2026: Música de Capilla (sin banda)
foro-2026-costalero_prado-carrera,Lunes Santo,VERACRUZ,Paso de Virgen,2019,Música de Capilla (sin banda),2006-2026: Música de Capilla (sin banda)
foro-2026-costalero_prado-carrera,Lunes Santo,VERACRUZ,Paso de Virgen,2020,Música de Capilla (sin banda),2006-2026: Música de Capilla (sin banda)
foro-2026-costalero_prado-carrera,Lunes Santo,VERACRUZ,Paso de Virgen,2021,Música de Capilla (sin banda),2006-2026: Música de Capilla (sin banda)
foro-2026-costalero_prado-carrera,Lunes Santo,VERACRUZ,Paso de Virgen,2022,Música de Capilla (sin banda),2006-2026: Música de Capilla (sin banda)
foro-2026-costalero_prado-carrera,Lunes Santo,VERACRUZ,Paso de Virgen,2023,Música de Capilla (sin banda),2006-2026: Música de Capilla (sin banda)
foro-2026-costalero_prado-carrera,Lunes Santo,VERACRUZ,Paso de Virgen,2024,Música de Capilla (sin banda),2006-2026: Música de Capilla (sin banda)
foro-2026-costalero_prado-carrera,Lunes Santo,VERACRUZ,Paso de Virgen,2025,Música de Capilla (sin banda),2006-2026: Música de Capilla (sin banda)
foro-2026-costalero_prado-carrera,Lunes Santo,VERACRUZ,Paso de Virgen,2026,Música de Capilla (sin banda),2006-2026: Música de Capilla (sin banda)
