NOMBRE_COMPLETO,NOMBRE_BREVE,LOCALIDAD,PROVINCIA,clave_normalizada
Agrupación Musical del Dulce Nombre de Jesús de Granada,AM del Dulce Nombre de Jesús,Granada,Granada,agrupacion musical del dulce nombre de jesus de granada
Agrupación Musical Ecce Mater de Cádiz,AM Ecce Mater,Cádiz,Cádiz,agrupacion musical ecce mater de cadiz
Agrupación Musical Jesús Cautivo de Estepona,AM Jesús Cautivo,Estepona,Málaga,agrupacion musical jesus cautivo de estepona
Agrupación Musical Jesús Despojado de Jaén,AM Jesús Despojado,Jaén,Jaén,agrupacion musical jesus despojado de jaen
Agrupación Musical María Santísima de la Estrella de Granada,AM María Santísima de la Estrella,Granada,Granada,agrupacion musical maria santisima de la estrella de granada
Agrupación Musical Nuestra Señora de las Angustias de Alcalá la Real,AM Nuestra Señora de las Angustias,Alcalá la Real,Jaén,agrupacion musical nuestra senora de las angustias de alcala la real
Agrupación Musical Nuestro Padre Jesús de la Pasión de Linares,AM Nuestro Padre Jesús de la Pasión,Linares,Jaén,agrupacion musical nuestro padre jesus de la pasion de linares
Agrupación Musical Nuestro Padre Jesús de la Salud de Cádiz,AM Nuestro Padre Jesús de la Salud,Cádiz,Cádiz,agrupacion musical nuestro padre jesus de la salud de cadiz
Agrupación Musical Nuestro Padre Jesús de la Salud – Los Gitanos – de Sevilla,AM Nuestro Padre Jesús de la Salud Los Gitanos,Sevilla,Sevilla,agrupacion musical nuestro padre jesus de la salud los gitanos de sevilla
Agrupación Musical Nuestro Padre Jesús de los Afligidos de Puente Genil,AM Nuestro Padre Jesús de los Afligidos,Puente Genil,Córdoba,agrupacion musical nuestro padre jesus de los afligidos de puente genil
Agrupación Musical Nuestro Padre Jesús del Rescate de Granada,AM Nuestro Padre Jesús del Rescate,Granada,Granada,agrupacion musical nuestro padre jesus del rescate de granada
Agrupación Musical Nuestro Padre Jesús Nazareno de Campo de Criptana,AM Nuestro Padre Jesús Nazareno,Campo de Criptana,Ciudad Real,agrupacion musical nuestro padre jesus nazareno de campo de criptana
Agrupación Musical Polillas de Cádiz,AM Polillas (Cádiz),Cádiz,Cádiz,agrupacion musical polillas de cadiz
Agrupación Musical Santa Cecilia de Aguilar de la Frontera,AM Santa Cecilia,Aguilar de la Frontera,Córdoba,agrupacion musical santa cecilia de aguilar de la frontera
Agrupación Musical Santa Cruz de Huelva,AM Santa Cruz,Huelva,Huelva,agrupacion musical santa cruz de huelva
Agrupación Musical Santa María de la Paz de El Ejido,AM Santa María de la Paz,Ejido (El),Almería,agrupacion musical santa maria de la paz de el ejido
Agrupación Musical Santísimo Cristo del Amor – La Cena – de Huelva,AM Santísimo Cristo del Amor La Cena,Huelva,Huelva,agrupacion musical santisimo cristo del amor la cena de huelva
Agrupación Musical Virgen de la Cabeza de Exfiliana,AM Virgen de la Cabeza de Exfiliana,Valle del Zalabí,Granada,agrupacion musical virgen de la cabeza de exfiliana
Agrupación Musical Virgen de la Oliva de Vejer de la Frontera,AM Virgen de la Oliva,Vejer de la Frontera,Cádiz,agrupacion musical virgen de la oliva de vejer de la frontera
Agrupación Músico-Cultural de la Santa Vera Cruz 'La Pepa' de Alhaurín el Grande,AMC Santa Vera Cruz 'La Pepa',Alhaurín el Grande,Málaga,agrupacion musico cultural de la santa vera cruz la pepa de alhaurin el grande
Asociación Musical San Isidro de Armilla,AM San Isidro,Armilla,Granada,asociacion musical san isidro de armilla
Asociación Músico-Cultural San Sebastián de Padul,AMC San Sebastián,Padul,Granada,asociacion musico cultural san sebastian de padul
Banda de Cornetas y Tambores Esencia de Sevilla,BCT Esencia (Sevilla),Sevilla,Sevilla,banda de cornetas y tambores esencia de sevilla
Banda de Cornetas y Tambores Fe y Consuelo de Martos,BCT Fe y Consuelo,Martos,Jaén,banda de cornetas y tambores fe y consuelo de martos
Banda de Cornetas y Tambores Jesús Nazareno de Huelva,BCT Jesús Nazareno,Huelva,Huelva,banda de cornetas y tambores jesus nazareno de huelva
Banda de Cornetas y Tambores La Unión de Baena,BCT La Unión,Baena,Córdoba,banda de cornetas y tambores la union de baena
Banda de Cornetas y Tambores María Santísima de la Victoria de Granada,BCT María Santísima de la Victoria,Granada,Granada,banda de cornetas y tambores maria santisima de la victoria de granada
Banda de Cornetas y Tambores Nuestra Señora del Rosario Coronada de Cádiz,BCT Nuestra Señora del Rosario Coronada,Cádiz,Cádiz,banda de cornetas y tambores nuestra senora del rosario coronada de cadiz
Banda de Cornetas y Tambores Nuestra Señora del Rosario de Arriate,BCT Nuestra Señora del Rosario,Arriate,Málaga,banda de cornetas y tambores nuestra senora del rosario de arriate
Banda de Cornetas y Tambores Nuestra Señora del Sol de Sevilla,BCT Nuestra Señora del Sol,Sevilla,Sevilla,banda de cornetas y tambores nuestra senora del sol de sevilla
Banda de Cornetas y Tambores Nuestro Padre Jesús de la Columna y María Santísima de la O – Los Gitanos – de Málaga,BCT Nuestro Padre Jesús de la Columna y María Santísima de la O Los Gitanos,Málaga,Málaga,banda de cornetas y tambores nuestro padre jesus de la columna y maria santisima de la o los gitanos de malaga
Banda de Cornetas y Tambores Nuestro Padre Jesús del Gran Poder de Granada,BCT Nuestro Padre Jesús del Gran Poder,Granada,Granada,banda de cornetas y tambores nuestro padre jesus del gran poder de granada
Banda de Cornetas y Tambores Nuestro Padre Jesús Despojado de sus Vestiduras de Granada,BCT Nuestro Padre Jesús Despojado de sus Vestiduras,Granada,Granada,banda de cornetas y tambores nuestro padre jesus despojado de sus vestiduras de granada
Banda de Cornetas y Tambores Santa Cruz de Almería,BCT Santa Cruz,Almería,Almería,banda de cornetas y tambores santa cruz de almeria
Banda de Cornetas y Tambores Santa María de la Granada de Moguer,BCT Santa María de la Granada,Moguer,Huelva,banda de cornetas y tambores santa maria de la granada de moguer
Banda de Cornetas y Tambores Santísima Trinidad de Palencia,BCT Santísima Trinidad,Palencia,Palencia,banda de cornetas y tambores santisima trinidad de palencia
Banda de Cornetas y Tambores Santísimo Cristo de la Columna – Los Coloraos – de Daimiel,BCT Santísimo Cristo de la Columna Los Coloraos,Daimiel,Ciudad Real,banda de cornetas y tambores santisimo cristo de la columna los coloraos de daimiel
Banda de Cornetas y Tambores Santísimo Cristo de la Elevación de Campo de Criptana,BCT Santísimo Cristo de la Elevación,Campo de Criptana,Ciudad Real,banda de cornetas y tambores santisimo cristo de la elevacion de campo de criptana
Banda de Cornetas y Tambores Santísimo Cristo de la Expiración – Salud y Esperanza – de Huelva,BCT Santísimo Cristo de la Expiración Salud y Esperanza,Huelva,Huelva,banda de cornetas y tambores santisimo cristo de la expiracion salud y esperanza de huelva
Banda de Cornetas y Tambores Santísimo Cristo de la Vera-Cruz de Los Palacios y Villafranca,BCT Santísimo Cristo de la Vera Cruz,Palacios y Villafranca (Los),Sevilla,banda de cornetas y tambores santisimo cristo de la vera cruz de los palacios y villafranca
Banda de Cornetas y Tambores Santísimo Cristo de la Victoria de León,BCT Santísimo Cristo de la Victoria,León,León,banda de cornetas y tambores santisimo cristo de la victoria de leon
Banda de Cornetas y Tambores Vera-Cruz de Utrera,BCT Vera Cruz,Utrera,Sevilla,banda de cornetas y tambores vera cruz de utrera
Banda de Música Ciudad de Cádiz de Cádiz,BM Ciudad de Cádiz,Cádiz,Cádiz,banda de musica ciudad de cadiz de cadiz
Banda de Música de la Asociación Filarmónica Ciudad de Conil de Conil de la Frontera,BM Asociación Filarmónica Ciudad de Conil,Conil de la Frontera,Cádiz,banda de musica de la asociacion filarmonica ciudad de conil de conil de la frontera
Banda de Música de la Asociación Musical Ecijana – AMUECI – de Écija,BM Asociación Musical Ecijana AMUECI,Écija,Sevilla,banda de musica de la asociacion musical ecijana amueci de ecija
Banda de Música de la Asociación Músico-Cultural Nuestra Señora del Carmen de Villalba del Alcor,BM Asociación Músico Cultural Nuestra Señora del Carmen,Villalba del Alcor,Huelva,banda de musica de la asociacion musico cultural nuestra senora del carmen de villalba del alcor
Banda de Música de la Hermandad del Nazareno de San Fernando,BM Hermandad del Nazareno,San Fernando,Cádiz,banda de musica de la hermandad del nazareno de san fernando
Banda de Música de la Sociedad Filarmónica de Albaida del Aljarafe,BM Sociedad Filarmónica (Albaida del Aljarafe),Albaida del Aljarafe,Sevilla,banda de musica de la sociedad filarmonica de albaida del aljarafe
Banda de Música de la Sociedad Filarmónica de Pilas,BM Sociedad Filarmónica (Pilas),Pilas,Sevilla,banda de musica de la sociedad filarmonica de pilas
Banda de Música de Torredonjimeno,BM Torredonjimeno,Torredonjimeno,Jaén,banda de musica de torredonjimeno
Banda de Música del Maestro Tejera de Sevilla,BM del Maestro Tejera,Sevilla,Sevilla,banda de musica del maestro tejera de sevilla
Banda de Música Felipe Moreno de Cúllar Vega,BM Felipe Moreno,Cúllar Vega,Granada,banda de musica felipe moreno de cullar vega
Banda de Música Gailín de Puerto Serrano,BM Gailín (Puerto Serrano),Puerto Serrano,Cádiz,banda de musica gailin de puerto serrano
Banda de Música Julián Cerdán de Sanlúcar de Barrameda,BM Julián Cerdán,Sanlúcar de Barrameda,Cádiz,banda de musica julian cerdan de sanlucar de barrameda
Banda de Música Juvenil de la Cruz Roja de Sevilla,BM Juvenil de la Cruz Roja,Sevilla,Sevilla,banda de musica juvenil de la cruz roja de sevilla
Banda de Música Los Iris de Instinción,BM Los Iris,Instinción,Almería,banda de musica los iris de instincion
Banda de Música María Santísima de la Esperanza de Córdoba,BM María Santísima de la Esperanza,Córdoba,Córdoba,banda de musica maria santisima de la esperanza de cordoba
Banda de Música María Santísima de la Salud de Barbate,BM María Santísima de la Salud,Barbate,Cádiz,banda de musica maria santisima de la salud de barbate
Banda de Música Municipal de Aznalcóllar,BM Municipal (Aznalcóllar),Aznalcóllar,Sevilla,banda de musica municipal de aznalcollar
Banda de Música Municipal de Bollullos Par del Condado,BM Municipal (Bollullos Par del Condado),Bollullos Par del Condado,Huelva,banda de musica municipal de bollullos par del condado
Banda de Música Municipal de La Puebla del Río,BM Municipal (La Puebla del Río),Puebla del Río (La),Sevilla,banda de musica municipal de la puebla del rio
Banda de Música Municipal de Lora del Río,BM Municipal (Lora del Río),Lora del Río,Sevilla,banda de musica municipal de lora del rio
Banda de Música Municipal Maestro Enrique Galán de Rota,BM Municipal Maestro Enrique Galán,Rota,Cádiz,banda de musica municipal maestro enrique galan de rota
Banda de Música Municipal Maestro Enrique Montero de Chiclana de la Frontera,BM Municipal Maestro Enrique Montero,Chiclana de la Frontera,Cádiz,banda de musica municipal maestro enrique montero de chiclana de la frontera
Banda de Música Nuestra Madre de la Consolación de Huelva,BM Nuestra Madre de la Consolación,Huelva,Huelva,banda de musica nuestra madre de la consolacion de huelva
Banda de Música Nuestra Señora de la Soledad de Mena de Málaga,BM Nuestra Señora de la Soledad de Mena,Málaga,Málaga,banda de musica nuestra senora de la soledad de mena de malaga
Banda de Música Nuestra Señora de los Dolores de Granada,BM Nuestra Señora de los Dolores,Granada,Granada,banda de musica nuestra senora de los dolores de granada
Banda de Música Nuestra Señora de Palomares de Trebujena,BM Nuestra Señora de Palomares,Trebujena,Cádiz,banda de musica nuestra senora de palomares de trebujena
Banda de Música Nuestra Señora del Carmen de Prado del Rey,BM Nuestra Señora del Carmen,Prado del Rey,Cádiz,banda de musica nuestra senora del carmen de prado del rey
Banda de Música Nuestra Señora del Rosario de El Cuervo de Sevilla,BM Nuestra Señora del Rosario,Cuervo de Sevilla (El),Sevilla,banda de musica nuestra senora del rosario de el cuervo de sevilla
Banda de Música Nuestro Padre Jesús Nazareno de Rota,BM Nuestro Padre Jesús Nazareno,Rota,Cádiz,banda de musica nuestro padre jesus nazareno de rota
Banda de Música Santa María del Alcor de El Viso del Alcor,BM Santa María del Alcor,Viso del Alcor (El),Sevilla,banda de musica santa maria del alcor de el viso del alcor
Banda de Música Sinfónica del Liceo Municipal de la Música de Moguer,BM Sinfónica del Liceo Municipal de la Música,Moguer,Huelva,banda de musica sinfonica del liceo municipal de la musica de moguer
Banda de Música Sinfónica Municipal de Huelva,BM Sinfónica Municipal,Huelva,Huelva,banda de musica sinfonica municipal de huelva
Banda de Música Virgen de las Mercedes de Bollullos Par del Condado,BM Virgen de las Mercedes,Bollullos Par del Condado,Huelva,banda de musica virgen de las mercedes de bollullos par del condado
Banda Municipal de Granada,BM Municipal (Granada),Granada,Granada,banda municipal de granada
Banda Municipal de Morón de la Frontera,BM Municipal (Morón de la Frontera),Morón de la Frontera,Sevilla,banda municipal de moron de la frontera
Banda y Unidad de Música Nuestra Señora de los Ángeles de Granada,BUM Nuestra Señora de los Ángeles,Granada,Granada,banda y unidad de musica nuestra senora de los angeles de granada
Sección Musical Nuestra Señora de las Angustias de Motril,SM Nuestra Señora de las Angustias,Motril,Granada,seccion musical nuestra senora de las angustias de motril
