ID_BANDA,NOMBRE_COMPLETO,NOMBRE_BREVE,LOCALIDAD,PROVINCIA
0,Varias bandas,Varias bandas,,
1,Agrupación Musical Nuestra Señora De La Victoria,AM Victoria,Arahal,Sevilla
2,Agrupación Musical Nuestro Padre Jesús De La Redención,AM Redención,Córdoba,Córdoba
3,Agrupación Musical Cristo De La Misericordia,AM Misericordia,Lepe,Huelva
4,Agrupación Musical Cristo De La Buena Muerte,AM Buena Muerte,Ayamonte,Huelva
5,Banda De Cornetas Y Tambores De La Centuria Romana Macarena,BCT Centuria Romana Macarena,Sevilla,Sevilla
6,Agrupación Musical Virgen De Los Reyes,AM Virgen de los Reyes,Sevilla,Sevilla
7,Banda De Cornetas Y Tambores Nuestra Señora Del Sol,BCT Sol,Sevilla,Sevilla
8,Banda De Cornetas Y Tambores Nuestra Señora De La Fuensanta,BCT Fuensanta,Córdoba,Córdoba
9,Agrupación Musical Paz Y Caridad,AM Paz y Caridad,Estepa,Sevilla
10,Agrupación Musical Nuestro Padre Jesús De Los Afligidos,AM Afligidos,Puente Genil,Córdoba
11,Agrupación Musical Nuestro Padre Jesús De La Redención,AM Redención,Sevilla,Sevilla
12,Agrupación Musical Santa Marta Y Sagrada Cena,AM Sagrada Cena,León,León
13,Banda De Cornetas Y Tambores Nuestro Padre Jesús Cautivo Y Santiago Apostol ,BCT Cautivo y Santiago,Sanlúcar la Mayor y Aznalcázar,Sevilla
14,Agrupación Musical Cruz Roja,AM Cruz Roja,Tobarra,Albacete
15,Agrupación Musical Nuestra Señora De La Encarnación,AM Encarnación,Almuñécar,Granada
16,Banda De Cornetas Y Tambores Nuestra Señora De La Victoria,BCT Las Cigarreras,Sevilla,Sevilla
17,Agrupación Musical Nuestro Padre Jesús Nazareno De La Fuensanta,AM Fuensanta,Morón de la Frontera,Sevilla
18,Banda De Cornetas Y Tambores Santísimo Cristo De La Caridad (Santa Marta),BCT Caridad,Jerez de la Frontera,Cádiz
19,Banda De Cornetas Y Tambores Nuestro Padre Jesús Nazareno,BCT Jesús Nazareno,Mairena del Alcor,Sevilla
20,Banda De Cornetas Y Tambores Santísimo Cristo De Las Tres Caídas,BCT Tres Caidas de Triana,Sevilla,Sevilla
21,Agrupación Musical San Juan De Aznalfarache,AM San Juan de Aznalfarache,San Juan de Aznalfarache,Sevilla
22,Agrupación Musical Santa María Magdalena,AM Santa María Magdalena,Arahal,Sevilla
23,Banda De Cornetas Y Tambores Nuestro Padre Jesús En La Presentación Al Pueblo,BCT Presentación al Pueblo,Dos Hermanas,Sevilla
24,Banda De Cornetas Y Tambores Nuestra Señora Del Rosario,BCT Rosario,Cádiz,Cádiz
25,Agrupación Musical Polillas,AM Polillas,Cádiz,Cádiz
26,Agrupación Musical Nuestro Padre Jesús De La Salud (Los Gitanos),AM La Salud,Sevilla,Sevilla
27,Agrupación Musical Nuestro Padre Jesús De La Piedad En Su Presentación Al Pueblo,AM Estrella,Jaén,Jaén
28,Agrupación Musical La Sentencia,AM Sentencia,Jerez de la Frontera,Cádiz
29,Agrupación Musical Fusionada San Juan Evangelista Y Santo Sepulcro,AM San Juan Evangelista y Santo Sepulcro,Bailén y Sabiote,Jaén
30,Agrupación Musical Virgen De La Oliva,AM Virgen de la Oliva,Vejer de la Frontera,Cádiz
31,Banda De Cornetas Y Tambores Coronación De Espinas,BCT Coronación de Espinas,Córdoba,Córdoba
32,Banda De Cornetas Y Tambores Santísimo Cristo De La Sangre (San Benito),BCT Cristo de la Sangre,Sevilla,Sevilla
33,Agrupación Musical San Juan,AM San Juan,Jerez de la Frontera,Cádiz
34,Agrupación Musical Nuestra Señora De Las Angustias,AM Angustias,Alcalá la Real,Jaén
35,Agrupación Musical Dulce Nombre De Jesús,AM Dulce Nombre de Jesús,Marchena,Sevilla
36,Banda De Cornetas Y Tambores San Juan Evangelista,BCT San Juan Evangelista,Sevilla,Sevilla
37,Agrupación Musical Nuestro Padre Jesús Despojado,AM Jesús Despojado,Jaén,Jaén
38,Banda De Cornetas Y Tambores Nuestro Padre Jesús Cautivo (Santa Genoveva),BCT Cautivo,Sevilla,Sevilla
39,Banda De Cornetas Y Tambores Fundación Alcalde Zoilo Ruiz-Mateos,BCT Zoilo Ruiz-Mateos,Rota,Cádiz
40,Agrupación Musical Santísimo Cristo De Gracia,AM Cristo de Gracia,Córdoba,Córdoba
41,Agrupación Musical Santísimo Cristo De Humildad Y Paciencia,AM Humildad y Paciencia,San Fernando,Cádiz
42,Banda De Cornetas Y Tambores Vera Cruz,BCT Vera+Cruz,Utrera,Sevilla
43,Agrupación Musical Rosario Civitas Solis,AM Rosario Civitas Solis,Écija,Sevilla
44,Banda De Cornetas Y Tambores La Cruz,BCT La Cruz,Tomares,Sevilla
45,Agrupación Musical Hermanos Cirineos,AM Hermanos Cirineos,Cádiz,Cádiz
46,Banda De Cornetas Y Tambores Santísimo Cristo Del Mar,BCT Cristo del Mar,Vélez-Málaga,Málaga
47,Banda De Cornetas Y Tambores Nuestra Señora De Las Mercedes (Santa Genoveva),BCT Mercedes,Sevilla,Sevilla
48,Agrupación Musical Nuestro Padre Jesús De La Pasión,AM Pasión,Linares,Jaén
49,Agrupación Musical Santísimo Cristo De La Salud,AM Cristo de la Salud,Alcalá la Real,Jaén
50,Agrupación Musical María Santísima De Los Dolores,AM Rescate,Linares,Jaén
51,Agrupación Musical Maestro Jácome,AM Maestro Jácome,Cádiz,Cádiz
52,Banda De Cornetas Y Tambores Santísimo Cristo De La Sed,BCT Cristo de la Sed,Sevilla,Sevilla
53,Agrupación Musical Cristo Del Amor (La Cena),AM Cristo del Amor,Huelva,Huelva
54,Agrupación Musical Santísimo Cristo De La Buena Muerte,AM Buena Muerte,Jaén,Jaén
55,Agrupación Musical Nuestro Padre Jesús Nazareno,AM Jesús Nazareno,La Algaba,Sevilla
56,Banda De Cornetas Y Tambores Nuestra Señora De La Salud,BCT Salud,Utrera,Sevilla
57,Agrupación Musical Nuestra Señora De La Estrella,AM Estrella,Dos Hermanas,Sevilla
58,Agrupación Musical María Santísima De La Cabeza,AM Virgen de la Cabeza,Exfiliana,Granada
59,Banda De Cornetas Y Tambores Monte Calvario,BCT Monte Calvario,Martos,Jaén
60,Agrupación Musical María Santísima De La Paz,AM La Paz,Sevilla,Sevilla
61,Agrupación Musical Cristo De La Expiración,AM Expiración,La Rambla,Córdoba
62,Agrupación Musical Virgen De Las Angustias,AM Angustias,Cabra,Córdoba
63,Agrupación Musical Sagrada Cena,AM Sagrada Cena,Cádiz,Cádiz
64,Agrupación Musical Nuestra Señora De La Encarnación (San Benito),AM Encarnación,Sevilla,Sevilla
65,Banda De Cornetas Y Tambores Nuestra Señora De Los Ángeles,BCT Ángeles,Alcalá de Guadaira,Sevilla
66,Agrupación Musical Nuestra Señora De Las Nieves,AM Nieves,Adeje,Santa Cruz de Tenerife
67,Agrupación Musical Dulce Nombre De Jesús,AM Dulce Nombre de Jesús,Granada,Granada
68,Agrupación Musical Isla De León,AM Isla de León,San Fernando,Cádiz
69,Agrupación Musical Virgen De Las Lágrimas,AM Lágrimas de Dolores,San Fernando,Cádiz
70,Agrupación Musical Santo Tomás De Villanueva,AM Santo Tomás de Villanueva,Ciudad Real,Ciudad Real
71,Banda De Cornetas Y Tambores Nuestra Señora De Los Ángeles,BCT Ángeles,Sevilla,Sevilla
72,Banda De Cornetas Y Tambores Madre De Dios De Los Desamparados,BCT Desamparados,Sevilla,Sevilla
73,Agrupación Musical Santa Marta,AM Santa Marta,La Algaba,Sevilla
74,Agrupación Musical Carlos III,AM Carlos III,La Carlota,Córdoba
75,Banda De Cornetas Y Tambores Corona De Espinas,BCT Corona de Espinas,Sevilla,Sevilla
76,Banda De Cornetas Y Tambores Nuestro Padre Jesús Despojado De Sus Vestiduras,BCT Despojado,Granada,Granada
77,Banda De Cornetas Y Tambores Santísimo Cristo De La Exaltación,BCT Exaltación,Sevilla,Sevilla
78,Agrupación Musical María Auxiliadora,AM María Auxiliadora,Jaén,Jaén
79,Agrupación Musical Nuestra Señora de la Caridad,AM Caridad,Sanlúcar de Barrameda,Cádiz
80,Banda de la Segunda Comandancia Móvil de la Guardia Civil de Eritaña,Guardia Civil de Eritaña,Sevilla,Sevilla
81,Agrupación Musical María Santísima De La Estrella,AM Estrella,Granada,Granada
82,Banda de Cornetas y Tambores de Nuestro Padre Jesús de la Humildad,BCT Humildad,Sevilla,Sevilla
83,Agrupación Musical Cristo de la Sagrada Lanzada,AM Sagrada Lanzada,Sevilla,Sevilla
84,Agrupación Musical Nuestra Señora De La Soledad,AM Soledad,Pozoblanco,Córdoba
85,Agrupación Musical Nuestra Señora De Valme,AM Valme,Dos Hermanas,Sevilla
86,Banda De Cornetas Y Tambores Santísimo Cristo De La Expiración,BCT Expiración,Morón de la Frontera,Sevilla
87,Agrupación Musical María Santísima De Los Dolores,AM Dolores,Carcabuey,Córdoba
88,Banda De Cornetas Y Tambores Santísimo Cristo De La Vera Cruz,BCT Vera-Cruz,Los Palacios y Villafranca,Sevilla
89,Agrupación Musical Nuestro Padre Jesús Despojado de sus vestiduras,AM Jesús Despojado,Sevilla,Sevilla
90,Agrupación Musical Christus Vincit,AM Christus Vincit,Jerez de la Frontera,Cádiz
91,Banda De Cornetas Y Tambores Sagrada Columna Y Azotes,BCT Columna y Azotes,Sevilla,Sevilla
92,Banda de Cornetas y Tambores Virgen de las Angustias,AM Angustias,Sevilla,Sevilla
93,Banda De Cornetas Y Tambores María Santísima De Las Penas,BCT Penas,Úbeda,Jaén
94,Agrupación Musical Santísimo Cristo De La Sagrada Columna Y Azotes,AM Sagrada Columna y Azotes,Écija,Sevilla
95,Agrupación Musical Nuestro Padre Jesús Nazareno,AM Jesús Nazareno,La Rambla,Córdoba
96,Agrupación Musical Nuestra Señora de las Angustias,AM Angustias,Andújar,Jaén
97,Banda De Cornetas Y Tambores De Las Reales Cofradías Fusionadas,BCT Fusionadas,Málaga,Málaga
98,Banda De Cornetas Y Tambores Nuestro Padre Jesús Caído,BCT Caido,Córdoba,Córdoba
99,Banda De Cornetas Y Tambores Santísimo Cristo Del Amor,BCT Cristo del Amor,El Puerto de Santa María,Cádiz
100,Banda De Cornetas Y Tambores Santísimo Cristo De La Victoria,BCT Victoria,León,León
101,Banda de Cornetas y Tambores Nuestra Señora del Carmen,BCT Carmen,Málaga,Málaga
102,Agrupación Musical Nuestro Padre Jesús De Los Remedios,AM Remedios,Castilleja de la Cuesta,Sevilla
103,Agrupación Musical San Julián,AM San Julián,Sevilla,Sevilla
104,Agrupación Musical Nuestro Padre Jesús Nazareno,AM Jesús Nazareno,La Roda de Andalucía,Sevilla
105,Agrupación Musical María Inmaculada,AM María Inmaculada,Castilleja de la Cuesta,Sevilla
106,Agrupación Musical Santa Cecilia,AM Santa Cecilia,Sevilla,Sevilla
107,Banda De Cornetas Y Tambores Nuestra Señora Del Rosario,BCT Rosario,Arriate,Málaga
108,Agrupación Musical Santísima Trinidad,AM Trinidad,Sevilla,Sevilla
109,Agrupación Musical La Estrella,AM Estrella,Alcalá de Guadaira,Sevilla
110,Agrupación Musical Vera Cruz,AM Vera Cruz,Campillos,Málaga
111,Banda De Cornetas Y Tambores Lágrimas De San Pedro,BCT Lágrimas de San Pedro,Málaga,Málaga
112,Banda De Cornetas Y Tambores Nuestra Señora De La Asunción,BCT Asunción,Jódar,Jaén
113,Banda De Cornetas Y Tambores Esencia,BCT Esencia,Sevilla,Sevilla
114,Banda De Cornetas Y Tambores Santísimo Cristo De La Expiración,BCT Expiración,Huéscar,Granada
115,Agrupación Musical Santa Marta,AM Santa Marta,Jerez de la Frontera,Cádiz
116,Banda De Cornetas Y Tambores San Eustaquio,BCT San Eustaquio,Sanlúcar la Mayor,Sevilla
117,Agrupación Musical Nuestro Padre Jesús Cautivo,AM Cautivo,Estepona,Málaga
118,Agrupación Musical La Unión,AM La Unión,Montilla,Córdoba
119,Banda De Cornetas Y Tambores Santísimo Cristo De La Expiración,BCT Expiración,Jaén,Jaén
120,Banda De Cornetas Y Tambores Nuestra Señora De Gracia,BCT Gracia,Carmona,Sevilla
121,Banda De Cornetas Y Tambores Sagrada Lanzada,BCT Sagrada Lanzada,Valladolid,Valladolid
122,Banda De Cornetas Y Tambores Amor De Cristo,BCT Amor de Cristo,San Juan de Aznalfarache,Sevilla
123,Banda De Cornetas Y Tambores Nuestro Padre Jesús De Los Remedios,BCT Remedios,Castilleja de la Cuesta,Sevilla
124,Banda De Cornetas Y Tambores Nuestro Padre Jesús Del Gran Poder,BCT Gran Poder,Coria del Rio,Sevilla
125,Banda De Cornetas Y Tambores Santísimo Cristo De La Elevación,BCT Cristo de la Elevación,Campo de Criptana,Ciudad Real
129,Banda De Cornetas Y Tambores Nuestra Señora De La Salud,BCT Salud,Córdoba,Córdoba
130,Banda de Cornetas y Tambores del Real Cuerpo de Bomberos,BCT Bomberos,Málaga,Málaga
131,Banda De Cornetas Y Tambores Nuestra Señora Del Rosario,BCT Rosario,Linares,Jaén
132,Banda de Cornetas y Tambores Maestro Patón,BCT Patón,Sevilla,Sevilla
134,Banda de Cornetas y Tambores de la Policía Armada,BCT Policía Armada,Sevilla,Sevilla
135,Banda De Cornetas Y Tambores María Santísima Del Amor,BCT Amor,Úbeda,Jaén
136,Banda de Cornetas y Tambores Amor y Sacrificio,BCT Amor y Sacrificio,Lebrija,Sevilla
137,Agrupación Musical Santísimo Cristo de la Vera-Cruz,AM Vera+Cruz,La Puebla de Cazalla,Sevilla
138,Banda de Cornetas y Tambores Nuestro Padre Jesús Nazareno,BCT Nazareno,Cáceres,Cáceres
139,"Banda de Cornetas y Tambores Santísimo Cristo de la Columna ""El Amarrado""",BCT Amarrado,Ávila,Ávila
140,Banda de Cornetas y Tambores Nuestra Señora del Prado-La Pasión,BCT Prado-Pasión,Ciudad Real,Ciudad Real
141,Banda De Cornetas Y Tambores Jesús Nazareno,BCT Nazareno,Huelva,Huelva
142,Banda de Cornetas y Tambores San Luis Bertrán,BCT San Luis Bertrán,Valencia,Valencia
143,Banda de Cornetas y Tambores Santa Cruz,BCT Santa Cruz,Almería,Almería
144,Banda De Cornetas Y Tambores Cristo Del Amor,BCT Cristo del Amor,Guadalcanal,Sevilla
145,Banda de Cornetas y Tambores Nuestra Señora del Rosario,BCT Rosario,Brenes,Sevilla
146,Agrupación Musical Sagrada Resurrección,AM Resurrección,Sanlúcar de Barrameda,Cádiz
147,Agrupación Musical Santa María la Blanca,AM Santa María la Blanca,Los Palacios y Villafranca,Sevilla
148,Banda De Cornetas Y Tambores María Santísima De La Palma,BCT La Palma,Marchena,Sevilla
150,Banda de Cornetas y Tambores Nuestro Padre Jesús Nazareno,BCT Nazareno,Talavera de la Reina,Toledo
151,Banda de Cornetas y Tambores Nuestro Señor en la columna,BCT Columna,Úbeda,Jaén
152,Banda de Cornetas y Tambores Santísimo Cristo de la Fe y del Consuelo,BCT Fe y Consuelo,Martos,Jaén
153,Agrupación Musical Nuestra Señora la Virgen de la Amargura (Paso Blanco),AM Amargura,Lorca,Murcia
154,Banda de Cornetas y Tambores Santísimo Cristo de la Vera Cruz,BCT Vera-Cruz,Pilas,Sevilla
155,Banda de Cornetas y Tambores Virgen Morena,BCT Virgen Morena,Ocaña,Toledo
156,Banda De Cornetas Y Tambores Santísimo Sacramento De Minerva Y Santa Vera Cruz,BCT Minerva,León,León
157,Agrupación Musical María Santísima de las Angustias Coronada (Los Gitanos),AM Angustias,Sevilla,Sevilla
158,"Banda de Cornetas y Tambores Santísimo Cristo de la Columna y Maria Santisima de la Amargura ""Los Coloraos""",BCT Coloraos,Daimiel,Ciudad Real
159,Agrupación Musical Santísimo Cristo de la Bondad,AM Bondad,Alcalá de Guadaira,Sevilla
160,Agrupación Musical Nuestro Padre Jesús De La Vera + Cruz,AM Vera+Cruz,Palma del Río,Córdoba
161,"Agrupación Musical ""José Serrano Alcobendas""",AM JSA,Palma del Río,Córdoba
162,Agrupación Musical Franjira - Santo Sepulcro,AM Franjira,Palma del Río,Córdoba
163,Agrupación Musical La Redención,AM Redención,Palma de Mallorca,Baleares
164,Banda de Cornetas y Tambores Santa María del Triunfo,BCT Triunfo,Granada,Granada
165,Agrupación Musical Cristo Rey de los Judíos,AM Cristo Rey,Bollullos Par del Condado,Huelva
166,Banda De Cornetas Y Tambores De La Archicofradía Del Paso Y La Esperanza,BCT La Esperanza,Málaga,Málaga
167,Agrupación Musical Nuestra Señora Del Rosario,AM Rosario,Crevillente,Alicante
168,Banda de Cornetas y Tambores La Humildad,BCT Humildad,Torreperogil,Jaén
169,Banda de la Cruz Roja,AM Cruz Roja,Jerez de la Frontera,Cádiz
170,Agrpación Musical Santísimo Cristo De Los Afligidos,AM Afligidos,Utrera,Sevilla
171,Banda de Cornetas y Tambores Nuestra Señora del Carmen Coronada,BCT Carmen,San Fernando,Cádiz
172,Agrupación Musical Nuestro Padre Jesús Nazareno,AM Jesús Nazareno,La Palma del Condado,Huelva
173,Agrupación Musical Cofradía de Nuestra Señora de las Angustias y Soledad,AM Angustias y Soledad,León,León
174,Agrupación Musical Santísimo Cristo De La Buena Muerte,AM Buena Muerte,Linares,Jaén
175,Banda de Cornetas y Tambores Nuestro Padre Jesús Nazareno,BCT Nazareno,Arahal,Sevilla
176,Agrupación Musical Virgen de la Soledad,AM Soledad,Huéscar,Granada
177,Agrupación Musical Nuestro Padre Jesús de la Salud,AM La Salud,Churriana de la Vega,Granada
178,Banda de Cornetas y Tambores Coronación,BCT Coronación,Campillos,Málaga
179,Agrupación Musical Santa Vera Cruz,AM Santa Vera Cruz,Castro del Río,Córdoba
180,Banda De Cornetas Y Tambores Del Santísimo Cristo Del Perdón Y Nuestra Señora De La Amargura,BCT Perdón,Pozoblanco,Córdoba
181,Banda de Cornetas y Tambores Nuestra Señora de la Antigua,BCT Antigua,Sevilla,Sevilla
182,Banda de Cornetas y Tambores Nuestra Señora de las Angustias,BCT Angustias,Porcuna,Jaén
183,"Agrupación Musical Nuestro Padre Jesús Nazareno, Cristo de la Caridad y María Santísima en su Soledad",AM Nazareno y Caridad,Hinojosa del Duque,Córdoba
184,Banda de Cornetas y Tambores Santísima Sangre de Cristo,BCT Sangre de Cristo,Elche,Alicante
185,Agrupación Musical Nuestro Padre Jesús Cautivo,AM Cautivo,Alcaudete,Jaén
186,Banda de Cornetas y Tambores María Santísima del Amor y Paz,BCT Amor y Paz,Montoro,Córdoba
187,Banda de Cornetas y Tambores Nuestro Padre Jesús Nazareno y María Santísima de la Soledad,BCT Nazareno y Soledad,Astorga,León
188,Banda De Cornetas Y Tambores Rosario Y Victoria,BCT Rosario y Victoria,Brenes,Sevilla
189,Agrupación Musical SPQR los Romanos,AM Romanos,Iznájar,Córdoba
190,Banda de Cornetas y Tambores Nuestro Padre Jesús Nazareno,BCT Nazareno,Fuente Palmera,Córdoba
191,Agrupación Musical Santa Cecilia,AM Santa Cecilia,Aguilar de la Frontera,Córdoba
192,Banda de Cornetas y Tambores Nuestro Padre Jesús Nazareno,BCT Jesús Nazareno,Lepe,Huelva
193,Agrupación Musical Cristo Yacente,AM Yacente,Salamanca,Salamanca
194,Banda De Cornetas Y Tambores Nuestro Padre Jesús De La Sentencia,BCT Sentencia,Almuñécar,Granada
195,Agrupación Musical Nuestra Señora Del Mar,AM Ntra Sra del Mar,Huércal de Almería,Almería
196,Agrupación Musical Ecce Mater,AM Ecce Mater,Cádiz,Cádiz
197,Agrupación Musical Santo Ángel Custodio,AM SAC,Rute,Córdoba
198,AM Nuestro Padre Jesús Nazareno ,AM La Madrugá,Villa del Río,Córdoba
199,Agrupación Musical Nuestro Padre Jesús Cautivo,AM Cautivo,Granada,Granada
200,Agrupación Musical Santa Cruz,AM Santa Cruz,Huelva,Huelva
201,Agrupación Musical Arroquia Martínez,AM Arroquia Martínez,Jódar,Jaén
202,Agrupación Musical Virgen De Gracia,AM Virgen de Gracia,Archidona,Málaga
203,Agrupación Musical Nuestra Señora Del Juncal,AM Juncal,Sevilla,Sevilla
204,Agrupación Musical Veterana,AM Veterana,Sevilla,Sevilla
205,Banda De Cornetas Y Tambores Nuestro Padre Jesús De Las Tres Caídas,BCT Tres Caídas,Arcos de la Frontera,Cádiz
206,Banda de Cornetas y Tambores Sayones de Nuestro Padre Jesús Nazareno,BCT Sayones,Pozoblanco,Córdoba
207,Banda De Cornetas Y Tambores Nuestro Padre Jesús De Las Tres Caídas Del Realejo,BCT Tres Caídas Realejo,Granada,Granada
208,Banda de Cornetas y Tambores Nuestro Padre Jesús del Gran Poder,BCT Gran Poder,Granada,Granada
209,Banda De Cornetas Y Tambores Virgen De La Salud,BCT Salud,Huelva,Huelva
210,Banda De Cornetas Y Tambores Cristo De La Expiración,BCT Expiración,Huelva,Huelva
211,Banda De Cornetas Y Tambores San Francisco Javier,BCT San Francisco Javier,Sevilla,Sevilla
212,Banda de Cornetas y Tambores Nuestra Señora de la Merced,BCT Merced,El Viso del Alcor,Sevilla
213,Banda De Cornetas Y Tambores Santo Cristo Varón De Dolores,BCT Varón de Dolores,Sevilla,Sevilla
214,Banda De Cornetas Y Tambores Nuestra Señora Del Carmen,BCT Carmen,Sevilla,Sevilla
215,Agrupación Musical Columna y Lágrimas,AM Columna,Baeza,Jaén
216,Agrupación Musical Nuestro Padre Jesús Nazareno y María Santísia de los Dolores,AM Nazareno y Dolores,Gilena,Sevilla
217,Agrupación Musical San Fernando Rey,AM San Fernando Rey,Burgos,Burgos
218,Banda De Cornetas Y Tambores Nuestro Padre Jesús Rescatado,BCT Rescatado,Córdoba,Córdoba
219,Banda de Cornetas y Tambores Santísimo Cristo del Ecce - Homo,BCT Ecce - Homo,Abarán,Murcia
220,Banda de Cornetas y Tambores de la Fervorosa Hermandad de la Flagelación y Gloria,BCT Flagelación y Gloria,Elche,Alicante
221,Agrupación Musical de Córdoba,AM Córdoba,Córdoba,Córdoba
222,Agrupación Musical Santísimo Cristo de la Humildad y Paciencia,AM Humildad y Paciencia,El Puerto de Santa María,Cádiz
223,Banda de Cornetas y Tambores Nuestra Señora del Dolor,BCT Dolor,Hellín,Albacete
224,Agrupación Musical San Juan de Jerusalén,AM San Juan de Jerusalén,Madridejos,Toledo
225,Banda de Cornetas y Tambores Nuestro Padre Jesús Nazareno Rescatado,BCT Rescatado,Valdepeñas,Ciudad Real
226,Agrupación Musical Muchachos de Consolación,AM Muchachos,Utrera,Sevilla
227,Agrupación Musical La Pollinica,AM Pollinica,Marbella,Málaga
228,Agrupación Musical La Paz,AM La Paz,Palma de Mallorca,Baleares
229,Banda de Cornetas y Tambores Santísimo Cristo de la Expiración,BCT Expiración,Sabiote,Jaén
230,Banda de Cornetas y Tambores Santísimo Cristo Despojado,BCT Despojado,Valladolid,Valladolid
231,Banda de Cornetas y Tambores La Caída,BCT La Caída,San Lorenzo de El Escorial,Madrid
232,Banda de Cornetas y Tambores Nuestro Padre Jesús Cautivo,BCT Cautivo,Talavera de la Reina,Toledo
233,Banda de Cornetas y Tambores El Buen Camino,BCT Buen Camino,Humanes,Guadalajara
234,Agrupación Musical Santísimo Cristo de la Vera+Cruz,AM Vera+Cruz,Albaida del Aljarafe,Sevilla
235,Banda de Cornetas y Tambores Santísimo Cristo de la Buena Muerte,BCT Buena Muerte,Palencia,Palencia
236,Banda de Cornetas y Tambores Padre Nuestro,BCT Padre Nuestro,Palencia,Palencia
237,Agrupación Musical Virgen de la Amargura,AM Amargura,Ferrol,La Coruña
238,Agrupación Musical Santo Cristo De La Bienaventuranza,AM Bienaventuranza,León,León
239,Agrupación Musical Santo Sepulcro - Esperanza de la Vida,AM Santo Sepulcro,León,León
240,Banda De Cornetas Y Tambores Nuestro Padre Jesús Cautivo,BCT Cautivo,Málaga,Málaga
241,Agrupación Musical La Expiración,AM Expiración,Salamanca,Salamanca
242,Agrupación Musical Dulce Nombre de Jesús Nazareno,AM JHS,León,León
243,Banda de Cornetas y Tambores Dulce Nombre de Jesús Nazareno,BCT JHS,León,León
244,Agrupación Musical La Lanzada,AM Lanzada,Granada,Granada
245,Banda de Cornetas y Tambores Escuela de Música de Punta Umbría,BCT Punta Umbría,Punta Umbría,Huelva
246,Agrupación Musical La Fe,AM La Fe,Posadas,Córdoba
247,Agrupación Musical Nuestro Padre Jesús Nazareno,AM Nazareno,Peñaflor,Sevilla
248,Banda de Cornetas y Tambores Ciudad de Toro,BCT Toro,Toro,Zamora
249,Agrupación Musical Dulce Nombre de Jesús,AM Dulce Nombre,Alcalá la Real,Jaén
250,Banda de Cornetas y Tambores La Unión,BCT La Unión,Baena,Córdoba
251,Banda de Cornetas y Tambores Centuria Romana Nuestro Padre Jesús Nazareno,BCT Centuria Nazarena,Linares,Jaén
252,Agrupación Musical San Juan,AM San Juan,Bailén,Jaén
253,Banda de Cornetas y Tambores Clavos de Cristo,BCT Clavos de Cristo,Berja,Almería
254,Agrupación Musical María Santísima de la Encarnación,AM Encarnación,Osuna,Sevilla
255,Agrupación Musical Virgen de Gracia,AM Gracia,Vila-Real,Castellón
256,Banda de Cornetas y Tambores Cristo del Amor,BCT Cristo del Amor,Tarancón,Cuenca
257,Banda de Cornetas y Tambores de la Hermandad de la Dolorosa,BCT Dolorosa,Oliva,Valencia
258,Banda de Cornetas y Tambores La Vera Cruz,BCT Vera Cruz,Oliva,Valencia
259,Banda de Cornetas y Tambores La Verónica,BCT Verónica,Pego,Alicante
260,Banda de Cornetas y Tambores San Juan Evangelista,BCT San Juan Evangelista,Guardamar del Segura,Alicante
261,Banda de Cornetas y Tambores La Merced,La Merced,Huelva,Huelva
262,Banda de Cornetas y Tambores Pasión de Cristo,BCT Pasión de Cristo,Sevilla,Sevilla
263,Agrupación Musical Nuestra Señora del Carmen,AM Carmen,Cuevas de Almanzora,Almería
264,Banda de Cornetas y Tambores de la Policía Municipal,BCT Policía Municipal,Sevilla,Sevilla
265,Banda de Cornetas y Tambores Santísimo Cristo de la Humildad y Paciencia,BCT Humildad y Paciencia,Cádiz,Cádiz
266,Agrupación Musical Virgen del Buensuceso,AM Buensuceso,Los Corrales,Sevilla
267,Agrupación Musical Santa María de la Esperanza,AM Fraternitas,Sevilla,Sevilla
268,Banda de Cornetas y Tambores Nuestro Padre Jesús Cautivo,BCT Cautivo,Sanlúcar la Mayor,Sevilla
269,Banda de Cornetas y Tambores Santa María de la Victoria,BCT Victoria,Málaga,Málaga
270,Agrupación Musical Luz Casanova,AM Luz Casanova,Granada,Granada
271,Agrupación Musical Santísimo Cristo de la Clemencia,AM Clemencia,Jerez de la Frontera,Cádiz
272,Agrupación Musical San Miguel Arcángel,AM San Miguel Arcángel,Puertollano,Ciudad Real
273,Agrupación Musical Juvenil María Santísima del Rocío de Sevilla,AM Juvenil Rocío,Sevilla,Sevilla
274,Agrupación Musical Juvenil Sagrada Presentación de Sevilla,AM Juvenil Sagrada Presentación,Sevilla,Sevilla
275,Agrupación Musical Juvenil Santa María Magdalena de Arahal,AM Juvenil Santa María Magdalena,Arahal,Sevilla
276,Agrupación Musical Juvenil Virgen de los Reyes de Sevilla,AM Juvenil Virgen de los Reyes,Sevilla,Sevilla
277,Agrupación Musical Pasión y Resurrección de Sevilla,AM Pasión y Resurrección,Sevilla,Sevilla
278,Banda de Cornetas y Tambores Jesús Nazareno de Sevilla,BCT Jesús Nazareno (Sevilla),Sevilla,Sevilla
279,Banda de Cornetas y Tambores Juvenil Centuria Romana Macarena de Sevilla,BCT Juvenil Centuria Romana Macarena,Sevilla,Sevilla
280,Banda de Cornetas y Tambores Nuestro Padre Jesús en su Prendimiento de Dos Hermanas,BCT Prendimiento,Dos Hermanas,Sevilla
281,Banda de Cornetas y Tambores Sagrado Corazón de Jesús de Marchena,BCT Sagrado Corazón (Marchena),Marchena,Sevilla
282,Agrupación Musical Virgen de los Remedios,AM Remedios,Estepona,Málaga
