DIA,DIA_ORDEN,ORDEN_POR_CO,NOMBRE,LOCALIZACION,HORA_SALIDA,HORA_CO,HORA_ENTRADA,MENCIONA_CCTT_AM,ACOMPANAMIENTO_RAW,CONTEXTO_FICHA
Sabado de Pasion,1,,La O,Parroquia de Nuestra Señora de la Aurora,,,,False,,
Domingo de Ramos,2,,Lágrimas,Parroquia de la Asunción de Nuestra Señora,,,,False,,
Domingo de Ramos,2,1,Entrada Triunfal,Parroquia de San Lorenzo,09:45,12:00,16:00,True,En el paso de Nuestro Padre Jesús de los Reyes la Banda de Cornetas y Tambores Caído y Fuensanta. (Córdoba). En el paso de Nuestra Señora de la Palma la Banda Municipal Sinfónica (Dos Torres).,En el paso de Nuestro Padre Jesús de los Reyes la Banda de Cornetas y Tambores Caído y Fuensanta. (Córdoba). En el paso de Nuestra Señora de la Palma la Banda Municipal Sinfónica (Dos Torres). Montura de la borriquita y hábitos de nazareno.
Domingo de Ramos,2,2,Penas de Santiago,Parroquia de Santiago Apóstol,16:00,17:30,22:00,True,En el paso del Santísimo Cristo de las penas la Agrupación Musical Ntro. En el paso de María Santísima de la Concepción la Banda de Música “Las Golondrinas” de Vélez-Málaga.,En el paso del Santísimo Cristo de las penas la Agrupación Musical Ntro. Padre Jesús de la Salud - Sección Musical de la Hermandad de los Gitanos de Sevilla. En el paso de María Santísima de la Concepción la Banda de Música “Las Golondrinas” de Vélez-Málaga. Se informarán de todos ellos a través de sus Redes Sociales.
Domingo de Ramos,2,3,Huerto,Parroquia de San Francisco y San Eulogio,17:00,18:05,22:40,True,En el paso de Nuestro Padre Jesús de la Oración en el Huerto la Agrupación Musical de Nuestro Padre Jesús de la Redención (Córdoba). En el paso del Señor Amarrado a la Columna la Asociación Musical Utrerana (Utrera). En el paso de María Santísima de la Candelaria la Banda de Música Tubamirum. (Cañete de las Torres).,En el paso de Nuestro Padre Jesús de la Oración en el Huerto la Agrupación Musical de Nuestro Padre Jesús de la Redención (Córdoba). En el paso del Señor Amarrado a la Columna la Asociación Musical Utrerana (Utrera). En el paso de María Santísima de la Candelaria la Banda de Música Tubamirum. (Cañete de las Torres). El pasado año 2025 la hermandad celebró el 50 aniversario de su refundación con un gran programa de actos entre los que destacó una misión de Nuestro Padre jesús de la Oración en el Huerto a la Parroquia de San Ignacio de Loyola.
Domingo de Ramos,2,4,Rescatado,Parroquia de Nuestra Señora de Gracia (Trinitarios),16:05,18:46,23:15,True,En el paso de Nuestro Padre Jesús Nazareno Rescatado la Banda de Cornetas y Tambores Nuestro Padre Jesús Nazareno de Arahal. En el paso de María Santísima de la Amargura la Banda de Música La Estrella de Córdoba.,"En el paso de Nuestro Padre Jesús Nazareno Rescatado la Banda de Cornetas y Tambores Nuestro Padre Jesús Nazareno de Arahal. En el paso de María Santísima de la Amargura la Banda de Música La Estrella de Córdoba. Restauración y limpieza de la Túnica de Torero de Nuestro Padre Jesús Nazareno Rescatado, donada por el diestro D. Rafael Sánchez Saco en la década de los cincuenta. Limpieza a cargo de D. Juan Pablo Morales."
Domingo de Ramos,2,5,Vera Cruz,Parroquia de San José y Espíritu Santo,18:00,19:22,23:50,True,Banda de cornetas y tambores de Nuestra Señora del Rosario de Linares tras el paso del Señor de los Reyes y la Banda de música de Nuestra Señora del Rosario de Prado del Rey (Cádiz) tras el paso de palio de María Santísima del Dulce Nombre en sus Dolores Gloriosos.,Banda de cornetas y tambores de Nuestra Señora del Rosario de Linares tras el paso del Señor de los Reyes y la Banda de música de Nuestra Señora del Rosario de Prado del Rey (Cádiz) tras el paso de palio de María Santísima del Dulce Nombre en sus Dolores Gloriosos. Bordado en oro ﬁ no y sedas de la bambalina interior trasera obra de Manuel Solano.
Domingo de Ramos,2,6,Esperanza,Parroquia de San Andrés,16:30,19:53,23:10,True,En el paso de Nuestro Padre Jesús de las Penas la Agrupación Musical Pasión de Linares En el paso de María Santísima de la Esperanza la Banda de Música María Santísima de la Esperanza de Córdoba.,"En el paso de Nuestro Padre Jesús de las Penas la Agrupación Musical Pasión de Linares En el paso de María Santísima de la Esperanza la Banda de Música María Santísima de la Esperanza de Córdoba. Bambalina trasera del Palio de María Santísima de la Esperanza, realizada en el taller de Sucesores de Elena Caro, en Sevilla, bajo diseño del sevillano Gonzalo Navarro Ambrojo. Sobrepeana en alpaca. Libro de reglas."
Domingo de Ramos,2,7,Amor,Parroquia de Jesús Divino Obrero,17:30,20:29,00:30,True,"Banda de CCTT Nuestra Señora de la Salud, Paso de Misterio. Banda de CCTT Maestro Valero (Aguilar de la Fra.) para el paso del Cristo. Banda de Música Santa Cecilia (Montoro) para el paso de Virgen.","Banda de CCTT Nuestra Señora de la Salud, Paso de Misterio. Banda de CCTT Maestro Valero (Aguilar de la Fra.) para el paso del Cristo. Banda de Música Santa Cecilia (Montoro) para el paso de Virgen. Dorado completo del paso de misterio de Nuestro Padre Jesús del Silencio. Restauración del dorado del paso del Santísimo Cristo del Amor. Dos faroles de estrella para el Simpecado Túnica bordada blanca de tisú con bordados otomanos. Juego de potencias de plata para el Santísimo Cristo del Amor. Mantilla antigua para María Santísima de la Encarnación. Cruz Pectoral para María Santísima de la Encarnación."
Lunes Santo,3,1,Merced,Parroquia de San Antonio de Padua,15:45,19:15,00:30,True,En el paso de Nuestro Padre Jesús Humilde en su Coronación de Espinas la Banda de Cornetas y Tambores de la Coronación de Espinas de Córdoba. En el paso de Nuestra Madre y Señora Santa María de la Merced la Banda de Música “Tubamirum”de Cañete de las Torres.,En el paso de Nuestro Padre Jesús Humilde en su Coronación de Espinas la Banda de Cornetas y Tambores de la Coronación de Espinas de Córdoba. En el paso de Nuestra Madre y Señora Santa María de la Merced la Banda de Música “Tubamirum”de Cañete de las Torres. Bordado del faldón delantero del paso de misterio por Francisco Pérez Artés y restauración y pasado a nuevo soporte de tisú de plata de los bordados del paso de palio por Antonio Villar Moreno.
Lunes Santo,3,2,Presentación al Pueblo,Parroquia de San Vicente Ferrer,16:00,19:51,01:30,True,En el paso de Nuestro Padre Jesús de los Aﬂ igidos la banda de cornetas y tambores Santísimo Cristo de la Elevación de Campo de Criptana (Ciudad Real).,"En el paso de Nuestro Padre Jesús de los Aﬂ igidos la banda de cornetas y tambores Santísimo Cristo de la Elevación de Campo de Criptana (Ciudad Real). 2 varas acompañamiento al Senatus, 4 candelabros arbóreos de 3 luces, 2 ropajes de mayordomo para servir a la Cruz de guía, plumaje del casco del romano, ropajes de las imágenes secundarias y enlosado del paso de tribunal."
Lunes Santo,3,3,Redención,Parroquia de San Fernando,16:15,20:07,01:10,True,En la Cruz de Guía la Agrupación Musical Ntro. Padre Jesús Nazareno (Villanueva del Duque-Córdoba) En el paso de Nuestro Padre Jesús la Redención la Agrupación musical de Nuestro Padre jesús de la Redención de Córdoba. En el paso de Nuestra Señora de la Estrella la Banda de Música “La Estrella”de Córdoba.,En la Cruz de Guía la Agrupación Musical Ntro. Padre Jesús Nazareno (Villanueva del Duque-Córdoba) En el paso de Nuestro Padre Jesús la Redención la Agrupación musical de Nuestro Padre jesús de la Redención de Córdoba. En el paso de Nuestra Señora de la Estrella la Banda de Música “La Estrella”de Córdoba. Pasado a terciopelo color rosa palo y enriquecimiento de saya y cinturilla bordada en oro ﬁ no para Ntra. Señora de la Estrella (Bordada por Alberto Vico García bajo diseño de Miguel Ortiz Cabello). Juego de varas de representación civil en madera y metal plateado (Jesús Amaro Fernández).
Lunes Santo,3,4,Sentencia,Parroquia de San Nicolás de la Villa,18:15,20:43,00:00,True,En el paso de Nuestro Padre Jesús de la Sentencia la Banda de cornetas y tambores Nuestra Señora del Sol y el paso de María Santísima de Gracia y Amparo la Banda de música de la Soledad de Cantillana.,En el paso de Nuestro Padre Jesús de la Sentencia la Banda de cornetas y tambores Nuestra Señora del Sol y el paso de María Santísima de Gracia y Amparo la Banda de música de la Soledad de Cantillana. Nuevo juego de varales para el paso de palio de María Santísima de Gracia y Amparo diseñado por Javier Sánchez de los Reyes y ejecutado por el Taller Ramón León.
Lunes Santo,3,5,Vía Crucis,Parroquia de San Juan y Todos los Santos (Trinidad),20:15,21:27,01:05,False,Tambores roncos.,"Tambores roncos. La cruz de guía, inspirada en la existente en la Santa Iglesia Catedral, obra del escultor granadino Alonso Cano, realizada por Rafael Centella en 1992."
Lunes Santo,3,6,Ánimas,Parroquia de San Lorenzo,19:34,21:55,01:24,False,Coro de hermanos en el Señor y coro de hermanas en la Virgen.,Coro de hermanos en el Señor y coro de hermanas en la Virgen. El pasado 8 de noviembre el paso de Nuestra Señora de las Tristezas en su salida extraordinaria estrenó juego de coronillas de Orfebrería Santos. Velo de tinieblas obra de Jesús Castizo.
Martes Santo,4,1,Agonía,Parroquia de Santa Victoria,16:50,19:00,01:50,True,En el paso del Santísimo Cristo de la Agonía la banda de Cornetas y Tambores Nuestra Señora de la Salud de Córdoba y en el paso de Nuestra Señora de la Salud la Banda de Música Santa Cecilia de Montoro.,"En el paso del Santísimo Cristo de la Agonía la banda de Cornetas y Tambores Nuestra Señora de la Salud de Córdoba y en el paso de Nuestra Señora de la Salud la Banda de Música Santa Cecilia de Montoro. Restauración Corona de Nuestra Señora de la Salud, y restauración Candelabros de cola paso Nuestra Señora de la Salud."
Martes Santo,4,2,Universitaria,Iglesia del Juramento de San Rafael,17:10,19:31,23:20,False,Riguroso silencio.,Riguroso silencio. Sistema de elevación de la cruz del paso de Cristo.
Martes Santo,4,3,Sangre,Iglesia Conventual del Santo Ángel (Capuchinos),17:00,19:42,23:15,True,"En el paso del Nuestro Padre Jesús de la Sangre la Banda de Cornetas y Tambores “Esencia”, de Sevilla y en el paso de Nuestra Señora Reina de los Ángeles la Banda de Música “María Santísima de la Esperanza”, de Córdoba.","En el paso del Nuestro Padre Jesús de la Sangre la Banda de Cornetas y Tambores “Esencia”, de Sevilla y en el paso de Nuestra Señora Reina de los Ángeles la Banda de Música “María Santísima de la Esperanza”, de Córdoba. Restauración del baquetón del Paso de Misterio de Ntro. Padre Jesús de la Sangre, por Rafael Barón Jiménez. Restauración de las ﬁ guras de dos romanos, por Carmen Isabel Bernal Humanes."
Martes Santo,4,4,Buen Suceso,Parroquia de San Andrés,17:10,20:13,23:30,True,En el paso de misterio de Nuestro Padre Jesús del Buen Suceso la BCT. “Monte Calvario” de Martos (Jaén) y en el paso de palio de María Santísima de la Caridad la Banda de Música de La Estrella (Córdoba).,En el paso de misterio de Nuestro Padre Jesús del Buen Suceso la BCT. “Monte Calvario” de Martos (Jaén) y en el paso de palio de María Santísima de la Caridad la Banda de Música de La Estrella (Córdoba). El pasado mes de enero la hermandad adquirio una Casa de Hermandad.
Martes Santo,4,5,Santa Faz,Parroquia de San Juan y Todos los Santos (Trinidad),19:00,20:39,00:20,True,"En el paso de misterio de nuestro Padre Jesús nazareno de la Santa Faz, la Agrupación Musical La Pasión de Linares (Jaén). En el paso de palio de María Santísima de la Trinidad, la Banda de Música de Tubamirum de Cañete de las Torres (Córdoba).","En el paso de misterio de nuestro Padre Jesús nazareno de la Santa Faz, la Agrupación Musical La Pasión de Linares (Jaén). En el paso de palio de María Santísima de la Trinidad, la Banda de Música de Tubamirum de Cañete de las Torres (Córdoba). Bambalinas laterales del paso de palio. Realizadas en hilo de oro a realce por el taller de Jesús Rosado (Écija) en terciopelo azul plumo. Nueva tanda de candelería del paso de palio. Obra del taller de Orfebrería Bernet (La Algaba). Paño de la Santa Mujer Verónica. Obra de Raúl Muñoz Gallardo."
Martes Santo,4,6,Prendimiento,Parroquia de San Andrés,18:30,21:28,01:55,True,En el paso de Nuestro Padre Jesús Divino Salvador en su Prendimiento la Agrupación Musical Santísimo Cristo de Gracia (Córdoba) y en el paso de Nuestra Señora de la Piedad la Asociación Musical de La Algaba (Sevilla) en el paso de palio.,"En el paso de Nuestro Padre Jesús Divino Salvador en su Prendimiento la Agrupación Musical Santísimo Cristo de Gracia (Córdoba) y en el paso de Nuestra Señora de la Piedad la Asociación Musical de La Algaba (Sevilla) en el paso de palio. Bambalinas exteriores bordadas en oro por el taller del artista astigitano D. Jesús Rosado Borja, según diseño de D. Julio Ferreira. Manto y faldones de terciopelo azul prusia confeccionado en los mismo talleres. Candelabros de cola para el paso de palio. Continúan los trabajos de renovación del ajuar de las imágenes secundarias del paso de misterio."
Miercoles Santo,5,1,Perdón,Iglesia de San Roque,17:15,19:45,00:00,True,"En el paso de misterio de Nuestro Padre del Perdón, la BCT. “Coronación de Espinas” de Córdoba.","En el paso de misterio de Nuestro Padre del Perdón, la BCT. “Coronación de Espinas” de Córdoba. En el paso de palio de María Santísima del Rocío y Lágrimas, la “Tubamirum” de Cañete de las Torres (Córdoba). Restauración del paso de Misterio (Subvención patrimonio cofrade Diputación Provincial de Córdoba) y culminación completa de los respiraderos del paso de Palio. Juego de pértigas para el grupo de acólitos."
Miercoles Santo,5,2,Paz y Esperanza,Iglesia Conventual del Santo Ángel (Capuchinos),17:15,20:12,00:45,True,En el paso de Nuestro Padre Jesús de la Humildad y Paciencia la Banda CCTT la Salud (Córdoba) y en el paso de María Santísima de la Paz y Esperanza Coronada la Banda de Música Municipal de Arahal (Sevilla).,"En el paso de Nuestro Padre Jesús de la Humildad y Paciencia la Banda CCTT la Salud (Córdoba) y en el paso de María Santísima de la Paz y Esperanza Coronada la Banda de Música Municipal de Arahal (Sevilla). Guión de coronación y varas de acompañamiento, con bordado de Francisco Perez Artés y orfebrería de Jesús de Julián. Senatus, con bordado de Jose Manuel Martínez Hurtado y orfebrería de Jesús Amaro. Ambas piezas son diseño de Curro Claros."
Miercoles Santo,5,3,Calvario,Parroquia de San Lorenzo,18:00,21:04,00:55,True,"En el paso de misterio de Nuestro Padre Jesús del Calvario, la Banda de Cornetas y Tambores de Nuestro Padre Jesús Nazareno de Arahal. En el paso de palio de Nuestra Señora del Mayor Dolor, la Banda y Unidad de Música Nuestra Señora de los Ángeles de Granada.","En el paso de misterio de Nuestro Padre Jesús del Calvario, la Banda de Cornetas y Tambores de Nuestro Padre Jesús Nazareno de Arahal. En el paso de palio de Nuestra Señora del Mayor Dolor, la Banda y Unidad de Música Nuestra Señora de los Ángeles de Granada. Bambalina frontal bordada en oro sobre terciopelo morado realizada por Mercedes Castro y corazón traspasado en plata de ley realizado por Emilio León."
Miercoles Santo,5,4,Misericordia,Basílica Menor de San Pedro,19:10,21:31,00:10,True,"En las Reliquias de los Santos Mártires el Trio de Capilla Sabït, en el paso del Santísimo Cristo de la Misericordia la CCTT Caído y Fuensanta de Córdoba y en el paso de Nuestra Señora de las Lágrimas en su Desamparo la Banda de música de la Esperanza de Córdoba.","En las Reliquias de los Santos Mártires el Trio de Capilla Sabït, en el paso del Santísimo Cristo de la Misericordia la CCTT Caído y Fuensanta de Córdoba y en el paso de Nuestra Señora de las Lágrimas en su Desamparo la Banda de música de la Esperanza de Córdoba. Conopeo. En el primer paso es portada en parihuela la reliquia de los Santos Mártires de Córdoba, titular de la hermandad."
Miercoles Santo,5,5,Pasión,Parroquia de Nuestra Señora de la Paz,20:35,22:03,01:00,True,"En el paso de misterio de Nuestro Padre Jesús de la Pasón, la Agrupación Musical Santo Tomás de Villanueva. En el paso de palio de María Santísima del Amor, la Banda de Música AMECI (Écija).","En el paso de misterio de Nuestro Padre Jesús de la Pasón, la Agrupación Musical Santo Tomás de Villanueva. En el paso de palio de María Santísima del Amor, la Banda de Música AMECI (Écija)."
Miercoles Santo,5,6,Piedad,Parroquia de San Antonio María Claret,17:20,22:35,03:50,True,"En el paso del Santísimo Cristo de la Piedad y Dulce Nombre de María Santísima de la Esperanza la Banda de Cornetas y Tambores del Santísimo Cristo de la Expiración de Quesada, Jaén.","En el paso del Santísimo Cristo de la Piedad y Dulce Nombre de María Santísima de la Esperanza la Banda de Cornetas y Tambores del Santísimo Cristo de la Expiración de Quesada, Jaén. Estandarte ¨Bacalao¨ diseño de Rafael de Rueda, 5 varas presidencia, 15 equipos nuevos, escudos de la capa y el cubrerostro, 2 proyectos sociales de comedor"
Jueves Santo,6,1,Nazareno,Iglesia Hospital de Jesús Nazareno,17:20,19:30,22:50,False,Riguroso silencio en los dos pasos.,Riguroso silencio en los dos pasos. El Beato Cristóbal de Santa Catalina fue consiliario y fundó la Congregación de Hermanas Hospitalarias de Jesús Nazareno con el auspicio de la Cofradía que le cedió el hospital de San Bartolomé.
Jueves Santo,6,2,Caridad,Parroquia de San Francisco,17:00,19:51,22:15,True,En el paso del Cristo de la Caridad la Banda de CC y TT Coronación de Espinas de Córdoba.,En el paso del Cristo de la Caridad la Banda de CC y TT Coronación de Espinas de Córdoba. Restauración cantoneras Cruz obra de Emilio León.
Jueves Santo,6,3,Caído,Iglesia Conventual de San José (San Cayetano),17:15,20:16,00:30,True,Al Señor lo acompaña La Banda de Cornetas y Tambores de Nuestro Padre Jesús Caído y Ntra Señora de la Fuensanta y a la Virgen La Banda de Música María Santísima de la Esperanza.,Al Señor lo acompaña La Banda de Cornetas y Tambores de Nuestro Padre Jesús Caído y Ntra Señora de la Fuensanta y a la Virgen La Banda de Música María Santísima de la Esperanza. Se estrenan 20 equipos de nazarenos.
Jueves Santo,6,4,Sagrada Cena,Parroquia del Beato Álvaro de Córdoba,18:15,21:02,01:40,True,"En el paso de Nuestro Padre jesús de la Fe la Agrupación Musical Nuestro Padre Jesús de la Fe en su Sagrada Cena en el paso de palio de María Santísima de la Esperanza del Valle, Banda de Música Tubamirum.","En el paso de Nuestro Padre jesús de la Fe la Agrupación Musical Nuestro Padre Jesús de la Fe en su Sagrada Cena en el paso de palio de María Santísima de la Esperanza del Valle, Banda de Música Tubamirum. Finalización del cincelado de la sexta tanta de candelería."
Jueves Santo,6,5,Angustias,Iglesia de San Agustín,19:00,21:43,01:15,False,En el paso de Nuestra Señora de las Angustias la Banda de Música del Saucejo (Sevilla).,En el paso de Nuestra Señora de las Angustias la Banda de Música del Saucejo (Sevilla).
Jueves Santo,6,6,Cristo de Gracia,Parroquia de Nuestra Señora de Gracia (Trinitarios),19:15,22:14,03:00,True,En el paso del Santísimo Cristo de Gracia la Agrupación Musical Santísimo Cristo de Gracia (Córdoba).,"En el paso del Santísimo Cristo de Gracia la Agrupación Musical Santísimo Cristo de Gracia (Córdoba). Restauración de arbóreos y respiraderos del paso procesional, a cargo de José Luis Ojeda, restauración resplandores de San Juan y María Magdalena a cargo de talleres HERPOPLAT, papeleta de sitio y orla de cultos a cargo de Inmaculada Luque."
Viernes Santo,7,7,Buena Muerte,Real Colegiata de San Hipólito,00:00,02:15,05:20,False,Riguroso silencio en los dos pasos.,"Riguroso silencio en los dos pasos. Restauración del manto de Ntra. Sra. Reina de los Mártires, por el Instituto Andaluz de Patrimonio Histórico (IAPH)."
Viernes Santo,7,,Dolores de Alcolea,Parroquia Nuestra Señora de los Ángeles,19:30,,23:30,False,En el paso de María Santísima de los Dolores la Sociedad Filarmónica de Jaén.,En el paso de María Santísima de los Dolores la Sociedad Filarmónica de Jaén. Ocho candeleros en orfebrería plateada para el paso de palio de María Santísima de los Dolores.
Viernes Santo,7,1,Sepulcro,Iglesia (La Compañía),18:25,19:45,22:35,False,Capilla musical “Sabit” en el paso del Señor y Coral Polifónica Cantábile en el de la Virgen 49 1 Paso Nº de hermanos 580 Nº de nazarenos 115 Nº de cortejo 160,3DEABRILDE2026 Restauración del vestido de salida de Santa María Magdalena (ayuda de la Diputación Provincial de Córdoba dentro de la Convocatoria de Subvenciones para la Restauración de Patrimonio Cofrade en 2024 (BOP-A-2024-2941). Realización de cuatro faroles de acompañamiento. Dos para la Cruz de Guía y dos para el Simpecado. (Talleres HERPOPLAT). [DESPUES DE LA ETIQUETA] Capilla musical “Sabit” en el paso del Señor y Coral Polifónica Cantábile en el de la Virgen 49 1 Paso Nº de hermanos 580 Nº de nazarenos 115 Nº de cortejo 160
Viernes Santo,7,2,Soledad,Iglesia de Santa María de Guadalupe,17:00,20:10,00:30,False,En el paso de María Santísima en su Soledad la Banda de Música de “La Estrella” (Córdoba).,Túnica negra asargada con botonadura. Cubrerrostro de tejido raso negro. Cíngulo franciscano. En el paso de María Santísima en su Soledad la Banda de Música de “La Estrella” (Córdoba). Guión de Juventud con diseño de Rafael de Rueda y ejecución en Talleres Santa Victoria.
Viernes Santo,7,3,Expiración,Real Iglesia de San Pablo,19:00,20:31,23:40,False,En el paso del Santísimo Cristo de la Expiración la Capilla Musical “Ars Sacra” de Écija (Sevilla) y en el paso de Nuestra Señora del Rosario en sus Misterios Dolorosos Coronada la Banda de Música Nuestra Señora del Carmen de Villalba del Alcor (Huelva).,"En 2025 se celebró el L aniversario de la cuadrilla del paso del Santísimo Cristo de la Expiración, un hito singular al ser la primera de nuestra ciudad integrada por hermanos costaleros no profesionales. [DESPUES DE LA ETIQUETA] En el paso del Santísimo Cristo de la Expiración la Capilla Musical “Ars Sacra” de Écija (Sevilla) y en el paso de Nuestra Señora del Rosario en sus Misterios Dolorosos Coronada la Banda de Música Nuestra Señora del Carmen de Villalba del Alcor (Huelva). 51 2 Pasos Nº de hermanos 860 Nº de nazarenos 366 Nº de cortejo 760"
Viernes Santo,7,4,Descendimiento,Parroquia de San José y Espíritu Santo,19:50,20:52,00:50,True,"En el paso del Santísimo Cristo del Descendimiento, la Banda de Cornetas y Tambores Caído y Fuensanta de Córdoba. En el paso de palio de Nuestra Señora del Buen Fin, la Banda de Música El Saucejo.","En el paso del Santísimo Cristo del Descendimiento, la Banda de Cornetas y Tambores Caído y Fuensanta de Córdoba. En el paso de palio de Nuestra Señora del Buen Fin, la Banda de Música El Saucejo. Marcha procesional (Maria del Buen Fin) y tocado en punto de aguja duquesa de principios del XlX y la Virgen del Refugio tocado a partir de una toca de sobremanto de Fray Ricardo de Córdoba ."
Viernes Santo,7,5,Conversión,Iglesia de Nuestra Señora del Rosario,17:20,21:33,03:10,True,En el paso del Santísimo Cristo de la Conversión la Agrupación Musical Nuestro Padre Jesús de la Redención (Córdoba).,"Consiliario: D. Juan Diego Recio Moreno Hermano mayor: Francisco Javier Fernández Perea Túnica verde con botonadura negra, capa y cubrerrostros negro, cíngulo seda blanco, guantes blanco, y Rosario prendido al cíngulo. 3DEABRILDE2026 Restauración de la vara de Hermano Mayor, y de los Palermos del Diputado Mayor y el Fiscal de Horas. [DESPUES DE LA ETIQUETA] En el paso del Santísimo Cristo de la Conversión la Agrupación Musical Nuestro Padre Jesús de la Redención (Córdoba). Escanea el QR para conocer el recorrido y el itinerario completo 53 2 Pasos Nº de hermanos 1800 Nº de nazarenos 400 Nº de cortejo 480"
Viernes Santo,7,6,Dolores,Santuario de Nuestra Señora de los Dolores,18:50,21:54,01:15,True,"Consiliario: D. Pedro Vicente Cabello Morales Hermano mayor: Jose María Herrero Fernández Túnica y Cubrerrostro negro con cíngulo de igual color y hebillas doradas En el paso del Santísimo Cristo de la Clemencia la Banda de Cornetas y Tambores Esencia (Sevilla). En el paso de Nuestra señora de los Dolores, la Banda Sinfónica Municipal de Dos Torres (Córdoba).","Consiliario: D. Pedro Vicente Cabello Morales Hermano mayor: Jose María Herrero Fernández Túnica y Cubrerrostro negro con cíngulo de igual color y hebillas doradas En el paso del Santísimo Cristo de la Clemencia la Banda de Cornetas y Tambores Esencia (Sevilla). En el paso de Nuestra señora de los Dolores, la Banda Sinfónica Municipal de Dos Torres (Córdoba). Como insignias a destacar podemos citar la Cruz de Guía y la Vara de Hermano Mayor."
Domingo de Resurreccion,8,1,Resucitado,Parroquia de Santa Marina,09:30,11:50,15:15,True,Banda de Cornetas y Tambores “La Fusion” de Marmolejo - Lopera (Jaen) para Cruz de Guia. Agrupacion Musical Santisimo Cristo de Gracia de Cordoba para el Misterio. Banda de Musica Nuestra Señora de la Estrella de Cordoba para el Palio.,Banda de Cornetas y Tambores “La Fusion” de Marmolejo - Lopera (Jaen) para Cruz de Guia. Agrupacion Musical Santisimo Cristo de Gracia de Cordoba para el Misterio. Banda de Musica Nuestra Señora de la Estrella de Cordoba para el Palio. 25 nuevos equipos de nazareno. Nuevo juego de 38 Tulipas para los arbóreos del Paso de Misterio.
