LOCALIDAD,DIA,DIA_ORDEN,ORDEN_PAGINA,HERMANDAD,ETIQUETA_RAW,TIPO_NORMALIZADO,BANDA_TEXTO,BANDA_URL,ES_CCTT_AM
Sevilla,Viernes de Dolores,1,1,La Misión,Cruz de Guía,cruz_guia,Banda de Cornetas y Tambores Sagrada Columna y Azotes de Sevilla,https://musicofrades.com/directorio/709-banda-de-cornetas-y-tambores-sagrada-columna-y-azotes-de-sevilla/,True
Sevilla,Viernes de Dolores,1,1,La Misión,Paso de Misterio,cristo,Banda de Cornetas y Tambores Nuestra Señora de la Victoria – Las Cigarreras – de Sevilla,https://musicofrades.com/directorio/372-banda-de-cornetas-y-tambores-nuestra-senora-de-la-victoria-las-cigarreras-de-sevilla/,True
Sevilla,Viernes de Dolores,1,2,Dulce Nombre de Bellavista,Cruz de Guía,cruz_guia,Agrupación Musical Juvenil María Santísima del Rocío de Sevilla,https://musicofrades.com/directorio/1386-agrupacion-musical-juvenil-maria-santisima-del-rocio-de-sevilla/,True
Sevilla,Viernes de Dolores,1,2,Dulce Nombre de Bellavista,Paso de Misterio,cristo,Agrupación Musical Nuestro Padre Jesús de la Redención de Sevilla,https://musicofrades.com/directorio/353-agrupacion-musical-nuestro-padre-jesus-de-la-redencion-de-sevilla/,True
Sevilla,Viernes de Dolores,1,2,Dulce Nombre de Bellavista,Paso de Palio,virgen,Banda de Música Santa Ana de Dos Hermanas,https://musicofrades.com/directorio/386-banda-de-musica-santa-ana-de-dos-hermanas/,False
Sevilla,Viernes de Dolores,1,3,Pino Montano,Cruz de Guía,cruz_guia,Banda de Cornetas y Tambores Juvenil de la Centuria Romana Macarena de Sevilla,https://musicofrades.com/directorio/705-banda-de-cornetas-y-tambores-juvenil-de-la-centuria-romana-macarena-de-sevilla/,True
Sevilla,Viernes de Dolores,1,3,Pino Montano,Paso de Misterio,cristo,Agrupación Musical Nuestra Señora de la Encarnación – San Benito – de Sevilla,https://musicofrades.com/directorio/645-agrupacion-musical-nuestra-senora-de-la-encarnacion-san-benito-de-sevilla/,True
Sevilla,Viernes de Dolores,1,3,Pino Montano,Paso de Palio,virgen,Banda de Música Municipal de La Puebla del Río,https://musicofrades.com/directorio/728-banda-de-musica-municipal-de-la-puebla-del-rio/,False
Sevilla,Viernes de Dolores,1,4,Pasión y Muerte,Paso de Cristo,cristo,Capilla Musical,,False
Sevilla,Viernes de Dolores,1,5,Cristo de la Corona,Paso de Misterio,cristo,Capilla Musical y Escolanía,,False
Sevilla,Viernes de Dolores,1,6,Bendición y Esperanza,Cruz de Guía,cruz_guia,Banda de Cornetas y Tambores Jesús Nazareno de Sevilla,https://musicofrades.com/directorio/1262-banda-de-cornetas-y-tambores-jesus-nazareno-de-sevilla/,True
Sevilla,Viernes de Dolores,1,6,Bendición y Esperanza,Paso de Misterio,cristo,Agrupación Musical Santa María de la Esperanza de Sevilla,https://musicofrades.com/directorio/1311-agrupacion-musical-santa-maria-de-la-esperanza-de-sevilla/,True
Sevilla,Viernes de Dolores,1,7,Paz y Misericordia,Paso de Misterio,cristo,Banda de Cornetas y Tambores Nuestra Señora de los Ángeles de Sevilla,https://musicofrades.com/directorio/707-banda-de-cornetas-y-tambores-nuestra-senora-de-los-angeles-de-sevilla/,True
Sevilla,Sábado de Pasión,2,1,La Milagrosa,Cruz de Guía,cruz_guia,Agrupación Musical Juvenil Virgen de los Reyes de Sevilla,https://musicofrades.com/directorio/1356-agrupacion-musical-juvenil-virgen-de-los-reyes-de-sevilla/,True
Sevilla,Sábado de Pasión,2,1,La Milagrosa,Paso de Misterio,cristo,Agrupación Musical Virgen de los Reyes de Sevilla,https://musicofrades.com/directorio/702-agrupacion-musical-virgen-de-los-reyes-de-sevilla/,True
Sevilla,Sábado de Pasión,2,1,La Milagrosa,Paso de Palio,virgen,Banda de Música María Santísima de la Victoria – Las Cigarreras – de Sevilla,https://musicofrades.com/directorio/818-banda-de-musica-maria-santisima-de-la-victoria-las-cigarreras-de-sevilla/,False
Sevilla,Sábado de Pasión,2,2,Dolores de Torreblanca,Cruz de Guía,cruz_guia,Banda de Cornetas y Tambores Juvenil de la Centuria Romana Macarena de Sevilla,https://musicofrades.com/directorio/705-banda-de-cornetas-y-tambores-juvenil-de-la-centuria-romana-macarena-de-sevilla/,True
Sevilla,Sábado de Pasión,2,2,Dolores de Torreblanca,Paso de Misterio,cristo,Agrupación Musical La Sentencia de Jerez de la Frontera,https://musicofrades.com/directorio/794-agrupacion-musical-la-sentencia-de-jerez-de-la-frontera/,True
Sevilla,Sábado de Pasión,2,2,Dolores de Torreblanca,Paso de Palio,virgen,Banda de Música de la Asociación Filarmónica Cultural Santa María de las Nieves de Olivares,https://musicofrades.com/directorio/64-banda-de-musica-de-la-asociacion-filarmonica-cultural-santa-maria-de-las-nieves-de-olivares/,False
Sevilla,Sábado de Pasión,2,3,Divino Perdón de Alcosa,Cruz de Guía,cruz_guia,Agrupación Musical Pasión y Resurrección de Sevilla,https://musicofrades.com/directorio/1835-agrupacion-musical-pasion-y-resurreccion-de-sevilla/,True
Sevilla,Sábado de Pasión,2,3,Divino Perdón de Alcosa,Paso de Misterio,cristo,Agrupación Musical Nuestra Señora de la Encarnación – San Benito – de Sevilla,https://musicofrades.com/directorio/645-agrupacion-musical-nuestra-senora-de-la-encarnacion-san-benito-de-sevilla/,True
Sevilla,Sábado de Pasión,2,3,Divino Perdón de Alcosa,Paso de Palio,virgen,Banda de Música Santa Ana de Dos Hermanas,https://musicofrades.com/directorio/386-banda-de-musica-santa-ana-de-dos-hermanas/,False
Sevilla,Sábado de Pasión,2,4,San José Obrero,Cruz de Guía,cruz_guia,Agrupación Musical Juvenil María Santísima de las Angustias Coronada de Sevilla,https://musicofrades.com/directorio/1007-agrupacion-musical-juvenil-maria-santisima-de-las-angustias-coronada-de-sevilla/,True
Sevilla,Sábado de Pasión,2,4,San José Obrero,Paso de Misterio,cristo,Agrupación Musical Nuestro Padre Jesús de la Salud – Los Gitanos – de Sevilla,https://musicofrades.com/directorio/831-agrupacion-musical-nuestro-padre-jesus-de-la-salud-los-gitanos-de-sevilla/,True
Sevilla,Sábado de Pasión,2,4,San José Obrero,Paso de Palio,virgen,Banda de Música Municipal de Coria del Río,https://musicofrades.com/directorio/566-banda-de-musica-municipal-de-coria-del-rio/,False
Sevilla,Sábado de Pasión,2,5,Padre Pío,Paso de Misterio,cristo,Agrupación Musical Lágrimas de Dolores de San Fernando,https://musicofrades.com/directorio/735-agrupacion-musical-lagrimas-de-dolores-de-san-fernando/,True
Sevilla,Sábado de Pasión,2,5,Padre Pío,Paso de Palio,virgen,Banda de Música Virgen de las Angustias de Sanlúcar la Mayor,https://musicofrades.com/directorio/857-banda-de-musica-virgen-de-las-angustias-de-sanlucar-la-mayor/,False
Sevilla,Sábado de Pasión,2,6,San Jerónimo,Paso de Misterio,cristo,Agrupación Musical Nuestro Padre Jesús Nazareno de La Algaba,https://musicofrades.com/directorio/354-agrupacion-musical-nuestro-padre-jesus-nazareno-de-la-algaba/,True
Sevilla,Sábado de Pasión,2,6,San Jerónimo,Paso de Palio,virgen,Banda de Música Municipal de Bollullos Par del Condado,https://musicofrades.com/directorio/120-banda-de-musica-municipal-de-bollullos-par-del-condado/,False
Sevilla,Sábado de Pasión,2,7,El Santo Ángel,Paso de Cristo,cristo,Banda de Música Municipal de La Puebla del Río,https://musicofrades.com/directorio/728-banda-de-musica-municipal-de-la-puebla-del-rio/,False
Sevilla,Sábado de Pasión,2,8,Las Maravillas,Paso de Misterio,cristo,Banda de Cornetas y Tambores Nuestra Señora del Sol de Sevilla,https://musicofrades.com/directorio/334-banda-de-cornetas-y-tambores-nuestra-senora-del-sol-de-sevilla/,True
Sevilla,Sábado de Pasión,2,9,La Espiga,Cruz de Guía,cruz_guia,Agrupación Musical Juvenil María Santísima del Rocío de Sevilla,https://musicofrades.com/directorio/1386-agrupacion-musical-juvenil-maria-santisima-del-rocio-de-sevilla/,True
Sevilla,Sábado de Pasión,2,9,La Espiga,Paso de Misterio,cristo,Agrupación Musical Nuestro Padre Jesús de la Redención de Sevilla,https://musicofrades.com/directorio/353-agrupacion-musical-nuestro-padre-jesus-de-la-redencion-de-sevilla/,True
Sevilla,Domingo de Ramos,3,1,La Borriquita,Cruz de Guía,cruz_guia,Banda de Cornetas y Tambores Sagrada Columna y Azotes de Sevilla,https://musicofrades.com/directorio/709-banda-de-cornetas-y-tambores-sagrada-columna-y-azotes-de-sevilla/,True
Sevilla,Domingo de Ramos,3,1,La Borriquita,Paso de Misterio,cristo,Banda de Cornetas y Tambores Nuestra Señora del Sol de Sevilla,https://musicofrades.com/directorio/334-banda-de-cornetas-y-tambores-nuestra-senora-del-sol-de-sevilla/,True
Sevilla,Domingo de Ramos,3,2,Jesús Despojado,Cruz de Guía,cruz_guia,Agrupación Musical Juvenil Virgen de los Reyes de Sevilla,https://musicofrades.com/directorio/1356-agrupacion-musical-juvenil-virgen-de-los-reyes-de-sevilla/,True
Sevilla,Domingo de Ramos,3,2,Jesús Despojado,Paso de Misterio,cristo,Agrupación Musical Virgen de los Reyes de Sevilla,https://musicofrades.com/directorio/702-agrupacion-musical-virgen-de-los-reyes-de-sevilla/,True
Sevilla,Domingo de Ramos,3,2,Jesús Despojado,Paso de Palio,virgen,Banda de Música Sinfónica del Liceo Municipal de la Música de Moguer,https://musicofrades.com/directorio/1096-banda-de-musica-sinfonica-del-liceo-municipal-de-la-musica-de-moguer/,False
Sevilla,Domingo de Ramos,3,3,La Hiniesta,Cruz de Guía,cruz_guia,Agrupación Musical Juvenil Santa María Magdalena de Arahal,https://musicofrades.com/directorio/1431-agrupacion-musical-juvenil-santa-maria-magdalena-de-arahal/,True
Sevilla,Domingo de Ramos,3,3,La Hiniesta,Paso de Misterio,cristo,Agrupación Musical Santa María Magdalena de Arahal,https://musicofrades.com/directorio/284-agrupacion-musical-santa-maria-magdalena-de-arahal/,True
Sevilla,Domingo de Ramos,3,3,La Hiniesta,Paso de Palio,virgen,Banda de Música Municipal de Mairena del Alcor,https://musicofrades.com/directorio/215-banda-de-musica-municipal-de-mairena-del-alcor/,False
Sevilla,Domingo de Ramos,3,4,La Paz,Cruz de Guía,cruz_guia,Banda de Cornetas y Tambores Juvenil de la Centuria Romana Macarena de Sevilla,https://musicofrades.com/directorio/705-banda-de-cornetas-y-tambores-juvenil-de-la-centuria-romana-macarena-de-sevilla/,True
Sevilla,Domingo de Ramos,3,4,La Paz,Paso de Misterio,cristo,Agrupación Musical Nuestra Señora de la Encarnación – San Benito – de Sevilla,https://musicofrades.com/directorio/645-agrupacion-musical-nuestra-senora-de-la-encarnacion-san-benito-de-sevilla/,True
Sevilla,Domingo de Ramos,3,4,La Paz,Paso de Palio,virgen,Banda de Música Municipal de La Puebla del Río,https://musicofrades.com/directorio/728-banda-de-musica-municipal-de-la-puebla-del-rio/,False
Sevilla,Domingo de Ramos,3,5,La Cena,Paso de Misterio,cristo,Banda de Cornetas y Tambores Nuestra Señora de la Victoria – Las Cigarreras – de Sevilla,https://musicofrades.com/directorio/372-banda-de-cornetas-y-tambores-nuestra-senora-de-la-victoria-las-cigarreras-de-sevilla/,True
Sevilla,Domingo de Ramos,3,5,La Cena,Paso de Cristo,cristo,Capilla Musical y Escolanía,,False
Sevilla,Domingo de Ramos,3,5,La Cena,Paso de Palio,virgen,Banda de Música del Maestro Tejera de Sevilla,https://musicofrades.com/directorio/183-banda-de-musica-del-maestro-tejera-de-sevilla/,False
Sevilla,Domingo de Ramos,3,6,San Roque,Cruz de Guía,cruz_guia,Agrupación Musical Juvenil María Santísima de las Angustias Coronada de Sevilla,https://musicofrades.com/directorio/1007-agrupacion-musical-juvenil-maria-santisima-de-las-angustias-coronada-de-sevilla/,True
Sevilla,Domingo de Ramos,3,6,San Roque,Paso de Misterio,cristo,Banda de Cornetas y Tambores Jesús Nazareno de Huelva,https://musicofrades.com/directorio/578-banda-de-cornetas-y-tambores-jesus-nazareno-de-huelva/,True
Sevilla,Domingo de Ramos,3,6,San Roque,Paso de Palio,virgen,Banda de Música de la Cruz Roja de Sevilla,https://musicofrades.com/directorio/288-banda-de-musica-de-la-cruz-roja-de-sevilla/,False
Sevilla,Domingo de Ramos,3,7,La Amargura,Paso de Misterio,cristo,Banda de Cornetas y Tambores Santísimo Cristo de las Tres Caídas – Esperanza de Triana – de Sevilla,https://musicofrades.com/directorio/397-banda-de-cornetas-y-tambores-santisimo-cristo-de-las-tres-caidas-esperanza-de-triana-de-sevilla/,True
Sevilla,Domingo de Ramos,3,7,La Amargura,Paso de Palio,virgen,Banda de Música de la Sociedad Filarmónica Nuestra Señora del Carmen de Salteras,https://musicofrades.com/directorio/214-banda-de-musica-de-la-sociedad-filarmonica-nuestra-senora-del-carmen-de-salteras/,False
Sevilla,Domingo de Ramos,3,8,La Estrella,Cruz de Guía,cruz_guia,Banda de Cornetas y Tambores Nuestro Padre Jesús en su Prendimiento de Dos Hermanas,https://musicofrades.com/directorio/1422-banda-de-cornetas-y-tambores-nuestro-padre-jesus-en-su-prendimiento-de-dos-hermanas/,True
Sevilla,Domingo de Ramos,3,8,La Estrella,Paso de Misterio,cristo,Banda de Cornetas y Tambores Nuestra Señora del Rosario Coronada de Cádiz,https://musicofrades.com/directorio/898-banda-de-cornetas-y-tambores-nuestra-senora-del-rosario-coronada-de-cadiz/,True
Sevilla,Domingo de Ramos,3,8,La Estrella,Paso de Palio,virgen,Banda de Música de la Sociedad Filarmónica Nuestra Señora de la Oliva de Salteras,https://musicofrades.com/directorio/187-banda-de-musica-de-la-sociedad-filarmonica-nuestra-senora-de-la-oliva-de-salteras/,False
Sevilla,Domingo de Ramos,3,9,El Amor,Paso de Cristo,cristo,Silencio,,False
Sevilla,Domingo de Ramos,3,9,El Amor,Paso de Palio,virgen,Banda de Música María Santísima de la Victoria – Las Cigarreras – de Sevilla,https://musicofrades.com/directorio/818-banda-de-musica-maria-santisima-de-la-victoria-las-cigarreras-de-sevilla/,False
Sevilla,Lunes Santo,4,1,San Pablo,Cruz de Guía,cruz_guia,Agrupación Musical Juvenil Santa María Magdalena de Arahal,https://musicofrades.com/directorio/1431-agrupacion-musical-juvenil-santa-maria-magdalena-de-arahal/,True
Sevilla,Lunes Santo,4,1,San Pablo,Paso de Misterio,cristo,Agrupación Musical Santa María Magdalena de Arahal,https://musicofrades.com/directorio/284-agrupacion-musical-santa-maria-magdalena-de-arahal/,True
Sevilla,Lunes Santo,4,1,San Pablo,Paso de Palio,virgen,Banda de Música de la Asociación Filarmónica Cultural Santa María de las Nieves de Olivares,https://musicofrades.com/directorio/64-banda-de-musica-de-la-asociacion-filarmonica-cultural-santa-maria-de-las-nieves-de-olivares/,False
Sevilla,Lunes Santo,4,2,La Redención,Cruz de Guía,cruz_guia,Agrupación Musical Juvenil María Santísima del Rocío de Sevilla,https://musicofrades.com/directorio/1386-agrupacion-musical-juvenil-maria-santisima-del-rocio-de-sevilla/,True
Sevilla,Lunes Santo,4,2,La Redención,Paso de Misterio,cristo,Agrupación Musical Nuestro Padre Jesús de la Redención de Sevilla,https://musicofrades.com/directorio/353-agrupacion-musical-nuestro-padre-jesus-de-la-redencion-de-sevilla/,True
Sevilla,Lunes Santo,4,2,La Redención,Paso de Palio,virgen,Banda de Música de la Cruz Roja de Sevilla,https://musicofrades.com/directorio/288-banda-de-musica-de-la-cruz-roja-de-sevilla/,False
Sevilla,Lunes Santo,4,3,Santa Genoveva,Cruz de Guía,cruz_guia,Agrupación Musical Juvenil María Santísima de las Angustias Coronada de Sevilla,https://musicofrades.com/directorio/1007-agrupacion-musical-juvenil-maria-santisima-de-las-angustias-coronada-de-sevilla/,True
Sevilla,Lunes Santo,4,3,Santa Genoveva,Paso de Misterio,cristo,Agrupación Musical Nuestro Padre Jesús de la Pasión de Linares,https://musicofrades.com/directorio/829-agrupacion-musical-nuestro-padre-jesus-de-la-pasion-de-linares/,True
Sevilla,Lunes Santo,4,3,Santa Genoveva,Paso de Palio,virgen,Banda de Música de la Sociedad Filarmónica Nuestra Señora del Carmen de Salteras,https://musicofrades.com/directorio/214-banda-de-musica-de-la-sociedad-filarmonica-nuestra-senora-del-carmen-de-salteras/,False
Sevilla,Lunes Santo,4,4,Santa Marta,Paso de Misterio,cristo,Silencio,,False
Sevilla,Lunes Santo,4,5,San Gonzalo,Cruz de Guía,cruz_guia,Banda de Cornetas y Tambores Sagrada Columna y Azotes de Sevilla,https://musicofrades.com/directorio/709-banda-de-cornetas-y-tambores-sagrada-columna-y-azotes-de-sevilla/,True
Sevilla,Lunes Santo,4,5,San Gonzalo,Paso de Misterio,cristo,Banda de Cornetas y Tambores Nuestra Señora de la Victoria – Las Cigarreras – de Sevilla,https://musicofrades.com/directorio/372-banda-de-cornetas-y-tambores-nuestra-senora-de-la-victoria-las-cigarreras-de-sevilla/,True
Sevilla,Lunes Santo,4,5,San Gonzalo,Paso de Palio,virgen,Banda de Música Santa Ana de Dos Hermanas,https://musicofrades.com/directorio/386-banda-de-musica-santa-ana-de-dos-hermanas/,False
Sevilla,Lunes Santo,4,6,Vera Cruz,Paso de Cristo,cristo,Capilla Musical,,False
Sevilla,Lunes Santo,4,6,Vera Cruz,Paso de Palio,virgen,Capilla Musical,,False
Sevilla,Lunes Santo,4,7,Las Penas de San Vicente,Paso de Misterio,cristo,Capilla Musical,,False
Sevilla,Lunes Santo,4,7,Las Penas de San Vicente,Paso de Palio,virgen,Banda de Música del Maestro Tejera de Sevilla,https://musicofrades.com/directorio/183-banda-de-musica-del-maestro-tejera-de-sevilla/,False
Sevilla,Lunes Santo,4,8,Las Aguas,Cruz de Guía,cruz_guia,Banda de Cornetas y Tambores Juvenil de la Centuria Romana Macarena de Sevilla,https://musicofrades.com/directorio/705-banda-de-cornetas-y-tambores-juvenil-de-la-centuria-romana-macarena-de-sevilla/,True
Sevilla,Lunes Santo,4,8,Las Aguas,Paso de Misterio,cristo,Banda de Cornetas y Tambores Nuestra Señora del Rosario Coronada de Cádiz,https://musicofrades.com/directorio/898-banda-de-cornetas-y-tambores-nuestra-senora-del-rosario-coronada-de-cadiz/,True
Sevilla,Lunes Santo,4,8,Las Aguas,Paso de Palio,virgen,Banda de Música Municipal de Mairena del Alcor,https://musicofrades.com/directorio/215-banda-de-musica-municipal-de-mairena-del-alcor/,False
Sevilla,Lunes Santo,4,9,El Museo,Paso de Cristo,cristo,Silencio,,False
Sevilla,Lunes Santo,4,9,El Museo,Paso de Palio,virgen,Banda de Música de la Sociedad Filarmónica Nuestra Señora de la Oliva de Salteras,https://musicofrades.com/directorio/187-banda-de-musica-de-la-sociedad-filarmonica-nuestra-senora-de-la-oliva-de-salteras/,False
Sevilla,Martes Santo,5,1,El Cerro del Águila,Cruz de Guía,cruz_guia,Banda de Cornetas y Tambores Nuestra Señora de los Ángeles de Sevilla,https://musicofrades.com/directorio/707-banda-de-cornetas-y-tambores-nuestra-senora-de-los-angeles-de-sevilla/,True
Sevilla,Martes Santo,5,1,El Cerro del Águila,Paso del Nazareno,cristo,Banda de Cornetas y Tambores Jesús Nazareno de Huelva,https://musicofrades.com/directorio/578-banda-de-cornetas-y-tambores-jesus-nazareno-de-huelva/,True
Sevilla,Martes Santo,5,1,El Cerro del Águila,Paso de Misterio,cristo,Banda de Cornetas y Tambores de la Centuria Romana Macarena de Sevilla,https://musicofrades.com/directorio/153-banda-de-cornetas-y-tambores-de-la-centuria-romana-macarena-de-sevilla/,True
Sevilla,Martes Santo,5,1,El Cerro del Águila,Paso de Palio,virgen,Banda de Música de la Asociación Filarmónica Cultural Santa María de las Nieves de Olivares,https://musicofrades.com/directorio/64-banda-de-musica-de-la-asociacion-filarmonica-cultural-santa-maria-de-las-nieves-de-olivares/,False
Sevilla,Martes Santo,5,2,San Benito,Cruz de Guía,cruz_guia,Agrupación Musical Juvenil Sagrada Presentación de Sevilla,https://musicofrades.com/directorio/1417-agrupacion-musical-juvenil-sagrada-presentacion-de-sevilla/,True
Sevilla,Martes Santo,5,2,San Benito,Paso de Misterio,cristo,Agrupación Musical Nuestra Señora de la Encarnación – San Benito – de Sevilla,https://musicofrades.com/directorio/645-agrupacion-musical-nuestra-senora-de-la-encarnacion-san-benito-de-sevilla/,True
Sevilla,Martes Santo,5,2,San Benito,Paso de Cristo,cristo,Banda de Cornetas y Tambores Santísimo Cristo de la Sangre – San Benito – de Sevilla,https://musicofrades.com/directorio/712-banda-de-cornetas-y-tambores-santisimo-cristo-de-la-sangre-san-benito-de-sevilla/,True
Sevilla,Martes Santo,5,2,San Benito,Paso de Palio,virgen,Banda de Música Municipal de La Puebla del Río,https://musicofrades.com/directorio/728-banda-de-musica-municipal-de-la-puebla-del-rio/,False
Sevilla,Martes Santo,5,3,El Dulce Nombre,Paso de Misterio,cristo,Banda de Cornetas y Tambores Nuestra Señora de la Victoria – Las Cigarreras – de Sevilla,https://musicofrades.com/directorio/372-banda-de-cornetas-y-tambores-nuestra-senora-de-la-victoria-las-cigarreras-de-sevilla/,True
Sevilla,Martes Santo,5,3,El Dulce Nombre,Paso de Palio,virgen,Banda de Música de la Sociedad Filarmónica Nuestra Señora de la Oliva de Salteras,https://musicofrades.com/directorio/187-banda-de-musica-de-la-sociedad-filarmonica-nuestra-senora-de-la-oliva-de-salteras/,False
Sevilla,Martes Santo,5,4,La Candelaria,Cruz de Guía,cruz_guia,Banda de Cornetas y Tambores Juvenil de la Centuria Romana Macarena de Sevilla,https://musicofrades.com/directorio/705-banda-de-cornetas-y-tambores-juvenil-de-la-centuria-romana-macarena-de-sevilla/,True
Sevilla,Martes Santo,5,4,La Candelaria,Paso de Misterio,cristo,Banda de Cornetas y Tambores Santísimo Cristo de las Tres Caídas – Esperanza de Triana – de Sevilla,https://musicofrades.com/directorio/397-banda-de-cornetas-y-tambores-santisimo-cristo-de-las-tres-caidas-esperanza-de-triana-de-sevilla/,True
Sevilla,Martes Santo,5,4,La Candelaria,Paso de Palio,virgen,Banda de Música de la Cruz Roja de Sevilla,https://musicofrades.com/directorio/288-banda-de-musica-de-la-cruz-roja-de-sevilla/,False
Sevilla,Martes Santo,5,5,San Esteban,Paso de Misterio,cristo,Agrupación Musical Virgen de los Reyes de Sevilla,https://musicofrades.com/directorio/702-agrupacion-musical-virgen-de-los-reyes-de-sevilla/,True
Sevilla,Martes Santo,5,5,San Esteban,Paso de Palio,virgen,Banda de Música María Santísima de la Victoria – Las Cigarreras – de Sevilla,https://musicofrades.com/directorio/818-banda-de-musica-maria-santisima-de-la-victoria-las-cigarreras-de-sevilla/,False
Sevilla,Martes Santo,5,6,Los Javieres,Paso de Cristo,cristo,Silencio,,False
Sevilla,Martes Santo,5,6,Los Javieres,Paso de Palio,virgen,Banda de Música Julián Cerdán de Sanlúcar de Barrameda,https://musicofrades.com/directorio/44-banda-de-musica-julian-cerdan-de-sanlucar-de-barrameda/,False
Sevilla,Martes Santo,5,7,Los Estudiantes,Paso de Cristo,cristo,Silencio,,False
Sevilla,Martes Santo,5,7,Los Estudiantes,Paso de Palio,virgen,Banda de Música Municipal de Alcalá de Guadaíra,https://musicofrades.com/directorio/74-banda-de-musica-municipal-de-alcala-de-guadaira/,False
Sevilla,Martes Santo,5,8,Santa Cruz,Paso de Cristo,cristo,Capilla Musical,,False
Sevilla,Martes Santo,5,8,Santa Cruz,Paso de Palio,virgen,Banda de Música del Maestro Tejera de Sevilla,https://musicofrades.com/directorio/183-banda-de-musica-del-maestro-tejera-de-sevilla/,False
Sevilla,Miércoles Santo,6,1,El Carmen Doloroso,Paso de Misterio,cristo,Agrupación Musical Nuestro Padre Jesús de la Pasión de Linares,https://musicofrades.com/directorio/829-agrupacion-musical-nuestro-padre-jesus-de-la-pasion-de-linares/,True
Sevilla,Miércoles Santo,6,1,El Carmen Doloroso,Paso de Palio,virgen,Banda de Música Nuestra Señora de la Soledad de Cantillana,https://musicofrades.com/directorio/275-banda-de-musica-nuestra-senora-de-la-soledad-de-cantillana/,False
Sevilla,Miércoles Santo,6,2,La Sed,Cruz de Guía,cruz_guia,Banda de Cornetas y Tambores Jesús Nazareno de Sevilla,https://musicofrades.com/directorio/1262-banda-de-cornetas-y-tambores-jesus-nazareno-de-sevilla/,True
Sevilla,Miércoles Santo,6,2,La Sed,Paso de Cristo,cristo,Banda de Cornetas y Tambores Nuestra Señora del Rosario Coronada de Cádiz,https://musicofrades.com/directorio/898-banda-de-cornetas-y-tambores-nuestra-senora-del-rosario-coronada-de-cadiz/,True
Sevilla,Miércoles Santo,6,2,La Sed,Paso de Palio,virgen,Banda de Música de la Sociedad Filarmónica Nuestra Señora de la Oliva de Salteras,https://musicofrades.com/directorio/187-banda-de-musica-de-la-sociedad-filarmonica-nuestra-senora-de-la-oliva-de-salteras/,False
Sevilla,Miércoles Santo,6,3,El Buen Fin,Cruz de Guía,cruz_guia,Banda de Cornetas y Tambores Juvenil de la Centuria Romana Macarena de Sevilla,https://musicofrades.com/directorio/705-banda-de-cornetas-y-tambores-juvenil-de-la-centuria-romana-macarena-de-sevilla/,True
Sevilla,Miércoles Santo,6,3,El Buen Fin,Paso de Misterio,cristo,Banda de Cornetas y Tambores de la Centuria Romana Macarena de Sevilla,https://musicofrades.com/directorio/153-banda-de-cornetas-y-tambores-de-la-centuria-romana-macarena-de-sevilla/,True
Sevilla,Miércoles Santo,6,3,El Buen Fin,Paso de Palio,virgen,Banda de Música de la Asociación Filarmónica Cultural Santa María de las Nieves de Olivares,https://musicofrades.com/directorio/64-banda-de-musica-de-la-asociacion-filarmonica-cultural-santa-maria-de-las-nieves-de-olivares/,False
Sevilla,Miércoles Santo,6,4,San Bernardo,Cruz de Guía,cruz_guia,Banda de Cornetas y Tambores Sagrado Corazón de Jesús de Marchena,https://musicofrades.com/directorio/840-banda-de-cornetas-y-tambores-sagrado-corazon-de-jesus-de-marchena/,True
Sevilla,Miércoles Santo,6,4,San Bernardo,Paso de Misterio,cristo,Banda de Cornetas y Tambores Nuestro Padre Jesús en la Presentación al Pueblo de Dos Hermanas,https://musicofrades.com/directorio/627-banda-de-cornetas-y-tambores-nuestro-padre-jesus-en-la-presentacion-al-pueblo-de-dos-hermanas/,True
Sevilla,Miércoles Santo,6,4,San Bernardo,Paso de Palio,virgen,Banda de Música de la Cruz Roja de Sevilla,https://musicofrades.com/directorio/288-banda-de-musica-de-la-cruz-roja-de-sevilla/,False
Sevilla,Miércoles Santo,6,5,La Lanzada,Cruz de Guía,cruz_guia,Agrupación Musical Juvenil María Santísima del Rocío de Sevilla,https://musicofrades.com/directorio/1386-agrupacion-musical-juvenil-maria-santisima-del-rocio-de-sevilla/,True
Sevilla,Miércoles Santo,6,5,La Lanzada,Paso de Misterio,cristo,Banda de Cornetas y Tambores Santísimo Cristo de las Tres Caídas – Esperanza de Triana – de Sevilla,https://musicofrades.com/directorio/397-banda-de-cornetas-y-tambores-santisimo-cristo-de-las-tres-caidas-esperanza-de-triana-de-sevilla/,True
Sevilla,Miércoles Santo,6,5,La Lanzada,Paso de Palio,virgen,Banda de Música Nuestra Señora de la Paz de Málaga,https://musicofrades.com/directorio/938-banda-de-musica-nuestra-senora-de-la-paz-de-malaga/,False
Sevilla,Miércoles Santo,6,6,El Baratillo,Cruz de Guía,cruz_guia,Agrupación Musical Juvenil María Santísima de las Angustias Coronada de Sevilla,https://musicofrades.com/directorio/1007-agrupacion-musical-juvenil-maria-santisima-de-las-angustias-coronada-de-sevilla/,True
Sevilla,Miércoles Santo,6,6,El Baratillo,Paso de Misterio,cristo,Banda de Cornetas y Tambores Nuestra Señora del Sol de Sevilla,https://musicofrades.com/directorio/334-banda-de-cornetas-y-tambores-nuestra-senora-del-sol-de-sevilla/,True
Sevilla,Miércoles Santo,6,6,El Baratillo,Paso de Palio,virgen,Banda de Música de la Sociedad Filarmónica Nuestra Señora del Carmen de Salteras,https://musicofrades.com/directorio/214-banda-de-musica-de-la-sociedad-filarmonica-nuestra-senora-del-carmen-de-salteras/,False
Sevilla,Miércoles Santo,6,7,Los Panaderos,Paso de Misterio,cristo,Banda de Cornetas y Tambores Nuestra Señora de la Victoria – Las Cigarreras – de Sevilla,https://musicofrades.com/directorio/372-banda-de-cornetas-y-tambores-nuestra-senora-de-la-victoria-las-cigarreras-de-sevilla/,True
Sevilla,Miércoles Santo,6,7,Los Panaderos,Paso de Palio,virgen,Banda de Música Santa Ana de Dos Hermanas,https://musicofrades.com/directorio/386-banda-de-musica-santa-ana-de-dos-hermanas/,False
Sevilla,Miércoles Santo,6,8,Las Siete Palabras,Paso de Misterio,cristo,Capilla Musical,,False
Sevilla,Miércoles Santo,6,8,Las Siete Palabras,Paso de Cristo,cristo,Banda de Cornetas y Tambores Esencia de Sevilla,https://musicofrades.com/directorio/1108-banda-de-cornetas-y-tambores-esencia-de-sevilla/,True
Sevilla,Miércoles Santo,6,8,Las Siete Palabras,Paso de Palio,virgen,Banda de Música de la Asociación Músico-Cultural Nuestra Señora del Carmen de Villalba del Alcor,https://musicofrades.com/directorio/1725-banda-de-musica-de-la-asociacion-musico-cultural-nuestra-senora-del-carmen-de-villalba-del-alcor/,False
Sevilla,Miércoles Santo,6,9,El Cristo de Burgos,Paso de Cristo,cristo,Capilla Musical,,False
Sevilla,Miércoles Santo,6,9,El Cristo de Burgos,Paso de Palio,virgen,Banda de Música del Maestro Tejera de Sevilla,https://musicofrades.com/directorio/183-banda-de-musica-del-maestro-tejera-de-sevilla/,False
Sevilla,Jueves Santo,7,1,Los Negritos,Paso de Cristo,cristo,Capilla Musical,,False
Sevilla,Jueves Santo,7,1,Los Negritos,Paso de Palio,virgen,Banda de Música de la Asociación Filarmónica Cultural Santa María de las Nieves de Olivares,https://musicofrades.com/directorio/64-banda-de-musica-de-la-asociacion-filarmonica-cultural-santa-maria-de-las-nieves-de-olivares/,False
Sevilla,Jueves Santo,7,2,La Exaltación,Paso de Misterio,cristo,Banda de Cornetas y Tambores Nuestra Señora del Rosario Coronada de Cádiz,https://musicofrades.com/directorio/898-banda-de-cornetas-y-tambores-nuestra-senora-del-rosario-coronada-de-cadiz/,True
Sevilla,Jueves Santo,7,2,La Exaltación,Paso de Palio,virgen,Banda de Música Municipal de Arahal,https://musicofrades.com/directorio/937-banda-de-musica-municipal-de-arahal/,False
Sevilla,Jueves Santo,7,3,Las Cigarreras,Cruz de Guía,cruz_guia,Banda de Cornetas y Tambores Sagrada Columna y Azotes de Sevilla,https://musicofrades.com/directorio/709-banda-de-cornetas-y-tambores-sagrada-columna-y-azotes-de-sevilla/,True
Sevilla,Jueves Santo,7,3,Las Cigarreras,Paso de Misterio,cristo,Banda de Cornetas y Tambores Nuestra Señora de la Victoria – Las Cigarreras – de Sevilla,https://musicofrades.com/directorio/372-banda-de-cornetas-y-tambores-nuestra-senora-de-la-victoria-las-cigarreras-de-sevilla/,True
Sevilla,Jueves Santo,7,3,Las Cigarreras,Paso de Palio,virgen,Banda de Música María Santísima de la Victoria – Las Cigarreras – de Sevilla,https://musicofrades.com/directorio/818-banda-de-musica-maria-santisima-de-la-victoria-las-cigarreras-de-sevilla/,False
Sevilla,Jueves Santo,7,4,Montesión,Paso de Misterio,cristo,Agrupación Musical Juvenil Santa María Magdalena de Arahal,https://musicofrades.com/directorio/1431-agrupacion-musical-juvenil-santa-maria-magdalena-de-arahal/,True
Sevilla,Jueves Santo,7,4,Montesión,Paso de Palio,virgen,Banda de Música de la Cruz Roja de Sevilla,https://musicofrades.com/directorio/288-banda-de-musica-de-la-cruz-roja-de-sevilla/,False
Sevilla,Jueves Santo,7,5,La Quinta Angustia,Paso de Misterio,cristo,Banda de Música de la Asociación Músico-Cultural Nuestra Señora del Carmen de Villalba del Alcor,https://musicofrades.com/directorio/1725-banda-de-musica-de-la-asociacion-musico-cultural-nuestra-senora-del-carmen-de-villalba-del-alcor/,False
Sevilla,Jueves Santo,7,6,El Valle,Paso de Misterio,cristo,Capilla Musical y Escolanía,,False
Sevilla,Jueves Santo,7,6,El Valle,Paso del Nazareno,cristo,Silencio,,False
Sevilla,Jueves Santo,7,6,El Valle,Paso de Palio,virgen,Banda de Música del Maestro Tejera de Sevilla,https://musicofrades.com/directorio/183-banda-de-musica-del-maestro-tejera-de-sevilla/,False
Sevilla,Jueves Santo,7,7,Pasión,Paso de Misterio,cristo,Silencio,,False
Sevilla,Jueves Santo,7,7,Pasión,Paso de Palio,virgen,Banda de Música de la Sociedad Filarmónica Nuestra Señora de la Oliva de Salteras,https://musicofrades.com/directorio/187-banda-de-musica-de-la-sociedad-filarmonica-nuestra-senora-de-la-oliva-de-salteras/,False
Sevilla,Madrugada,8,1,El Silencio,Paso de Misterio,cristo,Capilla Musical,,False
Sevilla,Madrugada,8,1,El Silencio,Paso de Palio,virgen,Capilla Musical,,False
Sevilla,Madrugada,8,2,Gran Poder,Paso de Misterio,cristo,Silencio,,False
Sevilla,Madrugada,8,2,Gran Poder,Paso de Palio,virgen,Silencio,,False
Sevilla,Madrugada,8,3,La Macarena,Cruz de Guía,cruz_guia,Banda de Cornetas y Tambores Juvenil de la Centuria Romana Macarena de Sevilla,https://musicofrades.com/directorio/705-banda-de-cornetas-y-tambores-juvenil-de-la-centuria-romana-macarena-de-sevilla/,True
Sevilla,Madrugada,8,3,La Macarena,Paso de Misterio,cristo,Banda de Cornetas y Tambores de la Centuria Romana Macarena de Sevilla,https://musicofrades.com/directorio/153-banda-de-cornetas-y-tambores-de-la-centuria-romana-macarena-de-sevilla/,True
Sevilla,Madrugada,8,3,La Macarena,Paso de Palio,virgen,Banda de Música de la Sociedad Filarmónica Nuestra Señora del Carmen de Salteras,https://musicofrades.com/directorio/214-banda-de-musica-de-la-sociedad-filarmonica-nuestra-senora-del-carmen-de-salteras/,False
Sevilla,Madrugada,8,4,El Calvario,Paso de Cristo,cristo,Silencio,,False
Sevilla,Madrugada,8,4,El Calvario,Paso de Palio,virgen,Silencio,,False
Sevilla,Madrugada,8,5,La Esperanza de Triana,Cruz de Guía,cruz_guia,Banda de Cornetas y Tambores San Juan Evangelista de Sevilla,https://musicofrades.com/directorio/710-banda-de-cornetas-y-tambores-san-juan-evangelista-de-sevilla/,True
Sevilla,Madrugada,8,5,La Esperanza de Triana,Paso de Misterio,cristo,Banda de Cornetas y Tambores Santísimo Cristo de las Tres Caídas – Esperanza de Triana – de Sevilla,https://musicofrades.com/directorio/397-banda-de-cornetas-y-tambores-santisimo-cristo-de-las-tres-caidas-esperanza-de-triana-de-sevilla/,True
Sevilla,Madrugada,8,5,La Esperanza de Triana,Paso de Palio,virgen,Banda de Música María Santísima de la Victoria – Las Cigarreras – de Sevilla,https://musicofrades.com/directorio/818-banda-de-musica-maria-santisima-de-la-victoria-las-cigarreras-de-sevilla/,False
Sevilla,Madrugada,8,6,Los Gitanos,Cruz de Guía,cruz_guia,Agrupación Musical Juvenil María Santísima de las Angustias Coronada de Sevilla,https://musicofrades.com/directorio/1007-agrupacion-musical-juvenil-maria-santisima-de-las-angustias-coronada-de-sevilla/,True
Sevilla,Madrugada,8,6,Los Gitanos,Paso de Misterio,cristo,Agrupación Musical Nuestro Padre Jesús de la Salud – Los Gitanos – de Sevilla,https://musicofrades.com/directorio/831-agrupacion-musical-nuestro-padre-jesus-de-la-salud-los-gitanos-de-sevilla/,True
Sevilla,Madrugada,8,6,Los Gitanos,Paso de Palio,virgen,Banda de Música de la Asociación Filarmónica Cultural Santa María de las Nieves de Olivares,https://musicofrades.com/directorio/64-banda-de-musica-de-la-asociacion-filarmonica-cultural-santa-maria-de-las-nieves-de-olivares/,False
Sevilla,Viernes Santo,9,1,La Carretería,Paso de Misterio,cristo,Banda de Cornetas y Tambores Nuestra Señora de la Victoria – Las Cigarreras – de Sevilla,https://musicofrades.com/directorio/372-banda-de-cornetas-y-tambores-nuestra-senora-de-la-victoria-las-cigarreras-de-sevilla/,True
Sevilla,Viernes Santo,9,1,La Carretería,Paso de Palio,virgen,Banda de Música Julián Cerdán de Sanlúcar de Barrameda,https://musicofrades.com/directorio/44-banda-de-musica-julian-cerdan-de-sanlucar-de-barrameda/,False
Sevilla,Viernes Santo,9,2,La Soledad de San Buenaventura,Paso de Virgen,virgen,Banda de Música Municipal de Mairena del Alcor,https://musicofrades.com/directorio/215-banda-de-musica-municipal-de-mairena-del-alcor/,False
Sevilla,Viernes Santo,9,3,El Cachorro,Paso de Cristo,cristo,Banda de Música Municipal de La Puebla del Río,https://musicofrades.com/directorio/728-banda-de-musica-municipal-de-la-puebla-del-rio/,False
Sevilla,Viernes Santo,9,3,El Cachorro,Paso de Palio,virgen,Banda de Música de la Sociedad Filarmónica Nuestra Señora de la Oliva de Salteras,https://musicofrades.com/directorio/187-banda-de-musica-de-la-sociedad-filarmonica-nuestra-senora-de-la-oliva-de-salteras/,False
Sevilla,Viernes Santo,9,4,La O,Paso de Misterio,cristo,Banda de Cornetas y Tambores Nuestra Señora del Sol de Sevilla,https://musicofrades.com/directorio/334-banda-de-cornetas-y-tambores-nuestra-senora-del-sol-de-sevilla/,True
Sevilla,Viernes Santo,9,4,La O,Paso de Palio,virgen,Banda de Música de la Sociedad Filarmónica Nuestra Señora del Carmen de Salteras,https://musicofrades.com/directorio/214-banda-de-musica-de-la-sociedad-filarmonica-nuestra-senora-del-carmen-de-salteras/,False
Sevilla,Viernes Santo,9,5,San Isidoro,Paso de Misterio,cristo,Silencio,,False
Sevilla,Viernes Santo,9,5,San Isidoro,Paso de Palio,virgen,Silencio,,False
Sevilla,Viernes Santo,9,6,Montserrat,Paso de Misterio,cristo,Banda de Cornetas y Tambores Santísimo Cristo de las Tres Caídas – Esperanza de Triana – de Sevilla,https://musicofrades.com/directorio/397-banda-de-cornetas-y-tambores-santisimo-cristo-de-las-tres-caidas-esperanza-de-triana-de-sevilla/,True
Sevilla,Viernes Santo,9,6,Montserrat,Paso de Palio,virgen,Banda de Música del Maestro Tejera de Sevilla,https://musicofrades.com/directorio/183-banda-de-musica-del-maestro-tejera-de-sevilla/,False
Sevilla,Viernes Santo,9,7,La Mortaja,Paso de Misterio,cristo,Capilla Musical y Escolanía,,False
Sevilla,Sábado Santo,10,1,El Sol,Cruz de Guía,cruz_guia,Agrupación Musical Santa María de la Esperanza de Sevilla,https://musicofrades.com/directorio/1311-agrupacion-musical-santa-maria-de-la-esperanza-de-sevilla/,True
Sevilla,Sábado Santo,10,1,El Sol,Paso de Misterio,cristo,Banda de Cornetas y Tambores Nuestra Señora del Sol de Sevilla,https://musicofrades.com/directorio/334-banda-de-cornetas-y-tambores-nuestra-senora-del-sol-de-sevilla/,True
Sevilla,Sábado Santo,10,1,El Sol,Paso de Palio,virgen,Banda de Música Municipal Fernando Guerrero de Los Palacios y Villafranca,https://musicofrades.com/directorio/568-banda-de-musica-municipal-fernando-guerrero-de-los-palacios-y-villafranca/,False
Sevilla,Sábado Santo,10,2,Los Servitas,Cruz de Guía,cruz_guia,Capilla Musical,,False
Sevilla,Sábado Santo,10,2,Los Servitas,Paso de Misterio,cristo,Banda de Música Nuestra Señora de la Soledad de Cantillana,https://musicofrades.com/directorio/275-banda-de-musica-nuestra-senora-de-la-soledad-de-cantillana/,False
Sevilla,Sábado Santo,10,2,Los Servitas,Paso de Palio,virgen,Banda de Música Municipal de Coria del Río,https://musicofrades.com/directorio/566-banda-de-musica-municipal-de-coria-del-rio/,False
Sevilla,Sábado Santo,10,3,La Trinidad,Cruz de Guía,cruz_guia,Banda de Cornetas y Tambores Sagrada Columna y Azotes de Sevilla,https://musicofrades.com/directorio/709-banda-de-cornetas-y-tambores-sagrada-columna-y-azotes-de-sevilla/,True
Sevilla,Sábado Santo,10,3,La Trinidad,Paso Alegórico,dudoso,Banda de Cornetas y Tambores Nuestra Señora de la Victoria – Las Cigarreras – de Sevilla,https://musicofrades.com/directorio/372-banda-de-cornetas-y-tambores-nuestra-senora-de-la-victoria-las-cigarreras-de-sevilla/,True
Sevilla,Sábado Santo,10,3,La Trinidad,Paso de Misterio,cristo,Banda de Cornetas y Tambores Santísimo Cristo de las Tres Caídas – Esperanza de Triana – de Sevilla,https://musicofrades.com/directorio/397-banda-de-cornetas-y-tambores-santisimo-cristo-de-las-tres-caidas-esperanza-de-triana-de-sevilla/,True
Sevilla,Sábado Santo,10,3,La Trinidad,Paso de Palio,virgen,Banda de Música de la Sociedad Filarmónica Nuestra Señora de la Oliva de Salteras,https://musicofrades.com/directorio/187-banda-de-musica-de-la-sociedad-filarmonica-nuestra-senora-de-la-oliva-de-salteras/,False
Sevilla,Sábado Santo,10,4,El Santo Entierro,Paso Alegórico,dudoso,Silencio,,False
Sevilla,Sábado Santo,10,4,El Santo Entierro,Paso de Misterio,cristo,Banda de Música Sinfónica Municipal de Sevilla,https://musicofrades.com/directorio/1-banda-de-musica-sinfonica-municipal-de-sevilla/,False
Sevilla,Sábado Santo,10,4,El Santo Entierro,Paso de Virgen,virgen,Banda de Música de la Agrupación del Acuartelamiento Aéreo de Tablada de Sevilla,https://musicofrades.com/directorio/269-banda-de-musica-de-la-agrupacion-del-acuartelamiento-aereo-de-tablada-de-sevilla/,False
Sevilla,Sábado Santo,10,5,La Soledad de San Lorenzo,Paso de Virgen,virgen,Silencio,,False
Sevilla,Domingo de Resurrección,11,1,La Resurrección,Cruz de Guía,cruz_guia,Agrupación Musical Juvenil Virgen de los Reyes de Sevilla,https://musicofrades.com/directorio/1356-agrupacion-musical-juvenil-virgen-de-los-reyes-de-sevilla/,True
Sevilla,Domingo de Resurrección,11,1,La Resurrección,Paso de Misterio,cristo,Agrupación Musical Virgen de los Reyes de Sevilla,https://musicofrades.com/directorio/702-agrupacion-musical-virgen-de-los-reyes-de-sevilla/,True
Sevilla,Domingo de Resurrección,11,1,La Resurrección,Paso de Palio,virgen,Banda de Música María Santísima de la Victoria – Las Cigarreras – de Sevilla,https://musicofrades.com/directorio/818-banda-de-musica-maria-santisima-de-la-victoria-las-cigarreras-de-sevilla/,False
Malaga,Viernes de Dolores,1,1,Medinaceli,Trono del Cristo,cristo,Agrupación Musical Nuestra Señora del Mar de Huércal de Almería,https://musicofrades.com/directorio/1067-agrupacion-musical-nuestra-senora-del-mar-de-huercal-de-almeria/,True
Malaga,Viernes de Dolores,1,1,Medinaceli,Trono de la Virgen,virgen,Banda de Música Nuestro Padre Jesús Nazareno de Almogía,https://musicofrades.com/directorio/436-banda-de-musica-nuestro-padre-jesus-nazareno-de-almogia/,False
Malaga,Viernes de Dolores,1,2,Dolores del Puerto de la Torre,Trono del Cristo,cristo,Agrupación Musical Jesús Cautivo de Estepona,https://musicofrades.com/directorio/968-agrupacion-musical-jesus-cautivo-de-estepona/,True
Malaga,Viernes de Dolores,1,2,Dolores del Puerto de la Torre,Trono de la Virgen,virgen,Banda de Música Nuestra Señora de la Soledad de Mena de Málaga,https://musicofrades.com/directorio/1370-banda-de-musica-nuestra-senora-de-la-soledad-de-mena-de-malaga/,False
Malaga,Viernes de Dolores,1,3,Dolores de Churriana,Trono del Cristo,cristo,Banda de Música San Isidro de Churriana,https://musicofrades.com/directorio/461-banda-de-musica-san-isidro-de-churriana/,False
Malaga,Viernes de Dolores,1,3,Dolores de Churriana,Trono de la Virgen,virgen,Banda de Música Sinfónica Virgen de la Trinidad de Málaga,https://musicofrades.com/directorio/1127-banda-de-musica-sinfonica-virgen-de-la-trinidad-de-malaga/,False
Malaga,Sábado de Pasión,2,1,Gamarra,Trono de Virgen,virgen,Banda de Música Maestro Eloy García de la Archicofradía de la Expiración de Málaga,https://musicofrades.com/directorio/1401-banda-de-musica-maestro-eloy-garcia-de-la-archicofradia-de-la-expiracion-de-malaga/,False
Malaga,Sábado de Pasión,2,2,San Andrés,Cruz de Guía,cruz_guia,Banda de Cornetas y Tambores Nuestro Padre Jesús Nazareno de Almogía,https://musicofrades.com/directorio/423-banda-de-cornetas-y-tambores-nuestro-padre-jesus-nazareno-de-almogia/,True
Malaga,Sábado de Pasión,2,2,San Andrés,Trono de Cristo,cristo,Banda de Cornetas y Tambores Monte Calvario de Martos,https://musicofrades.com/directorio/896-banda-de-cornetas-y-tambores-monte-calvario-de-martos/,True
Malaga,Sábado de Pasión,2,2,San Andrés,Trono de Virgen,virgen,Banda de Música Nuestro Padre Jesús Nazareno de Almogía,https://musicofrades.com/directorio/436-banda-de-musica-nuestro-padre-jesus-nazareno-de-almogia/,False
Malaga,Sábado de Pasión,2,3,Verdad y Sagrario,Trono de Cristo,cristo,Agrupación Musical Nuestro Padre Jesús Nazareno de La Roda de Andalucía,https://musicofrades.com/directorio/518-agrupacion-musical-nuestro-padre-jesus-nazareno-de-la-roda-de-andalucia/,True
Malaga,Sábado de Pasión,2,3,Verdad y Sagrario,Trono de Virgen,virgen,Banda de Música Municipal Maestro Paco Tenorio de Arriate,https://musicofrades.com/directorio/640-banda-de-musica-municipal-maestro-paco-tenorio-de-arriate/,False
Malaga,Sábado de Pasión,2,4,Desamparados,Trono de Virgen,virgen,Banda de Música Santa Cecilia de Málaga,https://musicofrades.com/directorio/1832-banda-de-musica-santa-cecilia-de-malaga/,False
Malaga,Sábado de Pasión,2,5,Clemencia,Trono de Cristo,cristo,Banda de Cornetas y Tambores Paso y Esperanza de Málaga,https://musicofrades.com/directorio/899-banda-de-cornetas-y-tambores-paso-y-esperanza-de-malaga/,True
Malaga,Domingo de Ramos,3,1,Pollinica,Cruz de Guía,cruz_guia,Banda de Cornetas y Tambores Nuestro Padre Jesús Nazareno de Almogía,https://musicofrades.com/directorio/423-banda-de-cornetas-y-tambores-nuestro-padre-jesus-nazareno-de-almogia/,True
Malaga,Domingo de Ramos,3,1,Pollinica,Trono de Cristo,cristo,Agrupación Musical Santísimo Cristo de la Vera Cruz de Campillos,https://musicofrades.com/directorio/420-agrupacion-musical-santisimo-cristo-de-la-vera-cruz-de-campillos/,True
Malaga,Domingo de Ramos,3,1,Pollinica,Trono de Virgen,virgen,Banda de Música Nuestra Señora de la Paz de Málaga,https://musicofrades.com/directorio/938-banda-de-musica-nuestra-senora-de-la-paz-de-malaga/,False
Malaga,Domingo de Ramos,3,2,Lágrimas y Favores,Cruz de Guía,cruz_guia,Agrupación Musical de las Reales Cofradías Fusionadas de San Juan de Málaga,https://musicofrades.com/directorio/1833-agrupacion-musical-de-las-reales-cofradias-fusionadas-de-san-juan-de-malaga/,True
Malaga,Domingo de Ramos,3,2,Lágrimas y Favores,Trono de Virgen,virgen,Banda de Música Municipal de Arahal,https://musicofrades.com/directorio/937-banda-de-musica-municipal-de-arahal/,False
Malaga,Domingo de Ramos,3,3,Dulce Nombre,Trono de Cristo,cristo,Agrupación Musical Lágrimas de Dolores de San Fernando,https://musicofrades.com/directorio/735-agrupacion-musical-lagrimas-de-dolores-de-san-fernando/,True
Malaga,Domingo de Ramos,3,3,Dulce Nombre,Trono de Virgen,virgen,Banda de Música Sinfónica Virgen de la Trinidad de Málaga,https://musicofrades.com/directorio/1127-banda-de-musica-sinfonica-virgen-de-la-trinidad-de-malaga/,False
Malaga,Domingo de Ramos,3,4,Salutación,Trono de Cristo,cristo,Agrupación Musical San Lorenzo Mártir de Málaga,https://musicofrades.com/directorio/1134-agrupacion-musical-san-lorenzo-martir-de-malaga/,True
Malaga,Domingo de Ramos,3,4,Salutación,Trono de Virgen,virgen,Banda de Música Nuestro Padre Jesús Nazareno de Almogía,https://musicofrades.com/directorio/436-banda-de-musica-nuestro-padre-jesus-nazareno-de-almogia/,False
Malaga,Domingo de Ramos,3,5,Humildad y Paciencia,Trono de Cristo,cristo,Banda de Cornetas y Tambores Nuestra Señora del Carmen de Málaga,https://musicofrades.com/directorio/1082-banda-de-cornetas-y-tambores-nuestra-senora-del-carmen-de-malaga/,True
Malaga,Domingo de Ramos,3,5,Humildad y Paciencia,Trono de Virgen,virgen,Banda de Música Cruz del Humilladero de Málaga,https://musicofrades.com/directorio/961-banda-de-musica-cruz-del-humilladero-de-malaga/,False
Malaga,Domingo de Ramos,3,6,Humidad,Trono de Cristo,cristo,Banda de Cornetas y Tambores Paso y Esperanza de Málaga,https://musicofrades.com/directorio/899-banda-de-cornetas-y-tambores-paso-y-esperanza-de-malaga/,True
Malaga,Domingo de Ramos,3,6,Humidad,Trono de Virgen,virgen,Banda de Música Santa Cecilia de Málaga,https://musicofrades.com/directorio/1832-banda-de-musica-santa-cecilia-de-malaga/,False
Malaga,Domingo de Ramos,3,7,Huerto,Trono del Cristo,cristo,Agrupación Musical Jesús Cautivo de Estepona,https://musicofrades.com/directorio/968-agrupacion-musical-jesus-cautivo-de-estepona/,True
Malaga,Domingo de Ramos,3,7,Huerto,Trono de Virgen,virgen,Banda de Música Vera+Cruz de Almogía,https://musicofrades.com/directorio/487-banda-de-musica-veracruz-de-almogia/,False
Malaga,Domingo de Ramos,3,8,Salud,Trono de Cristo,cristo,Banda de Cornetas y Tambores Nuestro Padre Jesús Cautivo de Málaga,https://musicofrades.com/directorio/1188-banda-de-cornetas-y-tambores-nuestro-padre-jesus-cautivo-de-malaga/,True
Malaga,Domingo de Ramos,3,8,Salud,Trono de Virgen,virgen,Banda de Música de la Hermandad de Zamarrilla de Málaga,https://musicofrades.com/directorio/909-banda-de-musica-de-la-hermandad-de-zamarrilla-de-malaga/,False
Malaga,Domingo de Ramos,3,9,Prendimiento,Cruz de Guía,cruz_guia,Banda de Cornetas y Tambores del Real Cuerpo de Bomberos de Málaga,https://musicofrades.com/directorio/2-banda-de-cornetas-y-tambores-del-real-cuerpo-de-bomberos-de-malaga/,True
Malaga,Domingo de Ramos,3,9,Prendimiento,Trono de Cristo,cristo,Agrupación Musical Virgen de Gracia de Archidona,https://musicofrades.com/directorio/1207-agrupacion-musical-virgen-de-gracia-de-archidona/,True
Malaga,Domingo de Ramos,3,9,Prendimiento,Trono de Virgen,virgen,Banda de Música Virgen del Rocío de Málaga,https://musicofrades.com/directorio/1247-banda-de-musica-virgen-del-rocio-de-malaga/,False
Malaga,Lunes Santo,4,1,Crucifixión,Trono de Cristo,cristo,Banda de Cornetas y Tambores Nuestra Señora del Carmen de Málaga,https://musicofrades.com/directorio/1082-banda-de-cornetas-y-tambores-nuestra-senora-del-carmen-de-malaga/,True
Malaga,Lunes Santo,4,1,Crucifixión,Trono de Virgen,virgen,Banda de Música Nuestro Padre Jesús Nazareno de Almogía,https://musicofrades.com/directorio/436-banda-de-musica-nuestro-padre-jesus-nazareno-de-almogia/,False
Malaga,Lunes Santo,4,2,Pasión,Cruz de Guía,cruz_guia,Banda de Cornetas y Tambores Nuestro Padre Jesús Nazareno de Almogía,https://musicofrades.com/directorio/423-banda-de-cornetas-y-tambores-nuestro-padre-jesus-nazareno-de-almogia/,True
Malaga,Lunes Santo,4,2,Pasión,Trono de Cristo,cristo,Banda de Cornetas y Tambores Paso y Esperanza de Málaga,https://musicofrades.com/directorio/899-banda-de-cornetas-y-tambores-paso-y-esperanza-de-malaga/,True
Malaga,Lunes Santo,4,2,Pasión,Trono de Virgen,virgen,Banda de Música Municipal de Arahal,https://musicofrades.com/directorio/937-banda-de-musica-municipal-de-arahal/,False
Malaga,Lunes Santo,4,3,Columna,Trono de Cristo,cristo,Banda de Cornetas y Tambores Nuestro Padre Jesús de la Columna y María Santísima de la O – Los Gitanos – de Málaga,https://musicofrades.com/directorio/1397-banda-de-cornetas-y-tambores-nuestro-padre-jesus-de-la-columna-y-maria-santisima-de-la-o-los-gitanos-de-malaga/,True
Malaga,Lunes Santo,4,3,Columna,Trono de Virgen,virgen,Banda de Música de la Hermandad de Zamarrilla de Málaga,https://musicofrades.com/directorio/909-banda-de-musica-de-la-hermandad-de-zamarrilla-de-malaga/,False
Malaga,Lunes Santo,4,4,Dolores del Puente,Cruz de Guía,cruz_guia,Banda de Cornetas y Tambores Flor entre Espinas de Loja,https://musicofrades.com/directorio/1183-banda-de-cornetas-y-tambores-flor-entre-espinas-de-loja/,True
Malaga,Lunes Santo,4,4,Dolores del Puente,Trono de Cristo,cristo,Banda de Música Santa Cecilia de Málaga,https://musicofrades.com/directorio/1832-banda-de-musica-santa-cecilia-de-malaga/,False
Malaga,Lunes Santo,4,4,Dolores del Puente,Trono de Virgen,virgen,Banda de Música Maestro Eloy García de la Archicofradía de la Expiración de Málaga,https://musicofrades.com/directorio/1401-banda-de-musica-maestro-eloy-garcia-de-la-archicofradia-de-la-expiracion-de-malaga/,False
Malaga,Lunes Santo,4,5,Cautivo,Trono de Cristo,cristo,Banda de Cornetas y Tambores Nuestro Padre Jesús Cautivo de Málaga,https://musicofrades.com/directorio/1188-banda-de-cornetas-y-tambores-nuestro-padre-jesus-cautivo-de-malaga/,True
Malaga,Lunes Santo,4,5,Cautivo,Cruz de Guía (Sección de la Virgen),dudoso,Banda de Cornetas y Tambores del Real Cuerpo de Bomberos de Málaga,https://musicofrades.com/directorio/2-banda-de-cornetas-y-tambores-del-real-cuerpo-de-bomberos-de-malaga/,True
Malaga,Lunes Santo,4,5,Cautivo,Trono de Virgen,virgen,Banda de Música Sinfónica Virgen de la Trinidad de Málaga,https://musicofrades.com/directorio/1127-banda-de-musica-sinfonica-virgen-de-la-trinidad-de-malaga/,False
Malaga,Lunes Santo,4,6,Estudiantes,Cruz de Guía,cruz_guia,Banda de Cornetas y Tambores Dolores Coronada de Álora,https://musicofrades.com/directorio/1014-banda-de-cornetas-y-tambores-dolores-coronada-de-alora/,True
Malaga,Lunes Santo,4,6,Estudiantes,Trono de Cristo,cristo,Banda de Música Nuestra Señora de la Soledad de Mena de Málaga,https://musicofrades.com/directorio/1370-banda-de-musica-nuestra-senora-de-la-soledad-de-mena-de-malaga/,False
Malaga,Lunes Santo,4,6,Estudiantes,Trono de Virgen,virgen,Banda de Música Nuestra Señora de la Paz de Málaga,https://musicofrades.com/directorio/938-banda-de-musica-nuestra-senora-de-la-paz-de-malaga/,False
Malaga,Martes Santo,5,1,Rocío,Cruz de Guía,cruz_guia,Banda de Cornetas y Tambores Suspiros de Pasión de Alameda,https://musicofrades.com/directorio/1120-banda-de-cornetas-y-tambores-suspiros-de-pasion-de-alameda/,True
Malaga,Martes Santo,5,1,Rocío,Trono de Cristo,cristo,Agrupación Musical Santísimo Cristo de la Vera Cruz de Campillos,https://musicofrades.com/directorio/420-agrupacion-musical-santisimo-cristo-de-la-vera-cruz-de-campillos/,True
Malaga,Martes Santo,5,1,Rocío,Trono de Virgen,virgen,Banda de Música Virgen del Rocío de Málaga,https://musicofrades.com/directorio/1247-banda-de-musica-virgen-del-rocio-de-malaga/,False
Malaga,Martes Santo,5,2,Penas,Trono de Cristo,cristo,Banda de Cornetas y Tambores Paso y Esperanza de Málaga,https://musicofrades.com/directorio/899-banda-de-cornetas-y-tambores-paso-y-esperanza-de-malaga/,True
Malaga,Martes Santo,5,2,Penas,Trono de Virgen,virgen,Banda de Música Nuestra Señora de la Paz de Málaga,https://musicofrades.com/directorio/938-banda-de-musica-nuestra-senora-de-la-paz-de-malaga/,False
Malaga,Martes Santo,5,3,Nueva Esperanza,Trono de Cristo,cristo,Agrupación Musical Jesús Cautivo de Estepona,https://musicofrades.com/directorio/968-agrupacion-musical-jesus-cautivo-de-estepona/,True
Malaga,Martes Santo,5,3,Nueva Esperanza,Trono de Virgen,virgen,Banda de Música de la Hermandad de Zamarrilla de Málaga,https://musicofrades.com/directorio/909-banda-de-musica-de-la-hermandad-de-zamarrilla-de-malaga/,False
Malaga,Martes Santo,5,4,Estrella,Cruz de Guía,cruz_guia,Banda de Cornetas y Tambores del Real Cuerpo de Bomberos de Málaga,https://musicofrades.com/directorio/2-banda-de-cornetas-y-tambores-del-real-cuerpo-de-bomberos-de-malaga/,True
Malaga,Martes Santo,5,4,Estrella,Trono de Cristo,cristo,Banda de Cornetas y Tambores Nuestra Señora del Carmen de Málaga,https://musicofrades.com/directorio/1082-banda-de-cornetas-y-tambores-nuestra-senora-del-carmen-de-malaga/,True
Malaga,Martes Santo,5,4,Estrella,Trono de Virgen,virgen,Banda de Música Sinfónica Virgen de la Trinidad de Málaga,https://musicofrades.com/directorio/1127-banda-de-musica-sinfonica-virgen-de-la-trinidad-de-malaga/,False
Malaga,Martes Santo,5,5,Rescate,Cruz de Guía,cruz_guia,Banda de Cornetas y Tambores Vera-Cruz de Almogía,https://musicofrades.com/directorio/471-banda-de-cornetas-y-tambores-vera-cruz-de-almogia/,True
Malaga,Martes Santo,5,5,Rescate,Trono de Cristo,cristo,Agrupación Musical Santa Cruz de Huelva,https://musicofrades.com/directorio/973-agrupacion-musical-santa-cruz-de-huelva/,True
Malaga,Martes Santo,5,5,Rescate,Trono de Virgen,virgen,Banda de Música Cruz del Humilladero de Málaga,https://musicofrades.com/directorio/961-banda-de-musica-cruz-del-humilladero-de-malaga/,False
Malaga,Martes Santo,5,6,Sentencia,Cruz de Guía,cruz_guia,Banda de Cornetas y Tambores Nuestro Padre Jesús Nazareno de Almogía,https://musicofrades.com/directorio/423-banda-de-cornetas-y-tambores-nuestro-padre-jesus-nazareno-de-almogia/,True
Malaga,Martes Santo,5,6,Sentencia,Tronos de Cristo,dudoso,Agrupación Musical San Lorenzo Mártir de Málaga,https://musicofrades.com/directorio/1134-agrupacion-musical-san-lorenzo-martir-de-malaga/,True
Malaga,Martes Santo,5,6,Sentencia,Trono de Virgen,virgen,Banda de Música Nuestra Señora de la Soledad de Mena de Málaga,https://musicofrades.com/directorio/1370-banda-de-musica-nuestra-senora-de-la-soledad-de-mena-de-malaga/,False
Malaga,Miércoles Santo,6,1,Fusionadas,Cruz de Guía,cruz_guia,Agrupación Musical de las Reales Cofradías Fusionadas de San Juan de Málaga,https://musicofrades.com/directorio/1833-agrupacion-musical-de-las-reales-cofradias-fusionadas-de-san-juan-de-malaga/,True
Malaga,Miércoles Santo,6,1,Fusionadas,Trono de Azotes y Columna,dudoso,Agrupación Musical Jesús Cautivo de Estepona,https://musicofrades.com/directorio/968-agrupacion-musical-jesus-cautivo-de-estepona/,True
Malaga,Miércoles Santo,6,1,Fusionadas,Trono de Exaltación,dudoso,Banda de Cornetas y Tambores Coronación de Campillos,https://musicofrades.com/directorio/1048-banda-de-cornetas-y-tambores-coronacion-de-campillos/,True
Malaga,Miércoles Santo,6,1,Fusionadas,Trono de Ánimas y Ciegos,dudoso,,,False
Malaga,Miércoles Santo,6,1,Fusionadas,Trono de Virgen,virgen,Banda de Música de la Archicofradía del Paso y la Esperanza de Málaga,https://musicofrades.com/directorio/716-banda-de-musica-de-la-archicofradia-del-paso-y-la-esperanza-de-malaga/,False
Malaga,Miércoles Santo,6,2,Mediadora,Trono de Cristo,cristo,Banda de Cornetas y Tambores Paso y Esperanza de Málaga,https://musicofrades.com/directorio/899-banda-de-cornetas-y-tambores-paso-y-esperanza-de-malaga/,True
Malaga,Miércoles Santo,6,2,Mediadora,Trono de Virgen,virgen,Banda de Música Cruz del Humilladero de Málaga,https://musicofrades.com/directorio/961-banda-de-musica-cruz-del-humilladero-de-malaga/,False
Malaga,Miércoles Santo,6,3,Salesianos,Trono de Cristo,cristo,Banda de Cornetas y Tambores Nuestro Padre Jesús Cautivo de Málaga,https://musicofrades.com/directorio/1188-banda-de-cornetas-y-tambores-nuestro-padre-jesus-cautivo-de-malaga/,True
Malaga,Miércoles Santo,6,4,Sangre,Trono de Cristo,cristo,Agrupación Musical Santísimo Cristo de la Vera Cruz de Campillos,https://musicofrades.com/directorio/420-agrupacion-musical-santisimo-cristo-de-la-vera-cruz-de-campillos/,True
Malaga,Miércoles Santo,6,4,Sangre,Trono de Virgen,virgen,Banda de Música de la Hermandad de Zamarrilla de Málaga,https://musicofrades.com/directorio/909-banda-de-musica-de-la-hermandad-de-zamarrilla-de-malaga/,False
Malaga,Miércoles Santo,6,5,Rico,Trono de Cristo,cristo,Banda de Música Sinfónica Virgen de la Trinidad de Málaga,https://musicofrades.com/directorio/1127-banda-de-musica-sinfonica-virgen-de-la-trinidad-de-malaga/,False
Malaga,Miércoles Santo,6,5,Rico,Trono de Virgen,virgen,Banda de Música Nuestra Señora de la Soledad de Mena de Málaga,https://musicofrades.com/directorio/1370-banda-de-musica-nuestra-senora-de-la-soledad-de-mena-de-malaga/,False
Malaga,Miércoles Santo,6,6,Paloma,Trono de Cristo,cristo,Banda de Cornetas y Tambores Nuestra Señora del Carmen de Málaga,https://musicofrades.com/directorio/1082-banda-de-cornetas-y-tambores-nuestra-senora-del-carmen-de-malaga/,True
Malaga,Miércoles Santo,6,6,Paloma,Trono de Virgen,virgen,Banda de Música Santa Vera Cruz – La Pepa – de Alhaurín el Grande,https://musicofrades.com/directorio/410-banda-de-musica-santa-vera-cruz-la-pepa-de-alhaurin-el-grande/,False
Malaga,Miércoles Santo,6,7,Expiración,Cruz de Guía,cruz_guia,,,False
Malaga,Miércoles Santo,6,7,Expiración,Trono de Cristo,cristo,,,False
Malaga,Miércoles Santo,6,7,Expiración,Trono de Virgen,virgen,Banda de Música Maestro Eloy García de la Archicofradía de la Expiración de Málaga,https://musicofrades.com/directorio/1401-banda-de-musica-maestro-eloy-garcia-de-la-archicofradia-de-la-expiracion-de-malaga/,False
Malaga,Jueves Santo,7,1,Cena,Cruz de Guía,cruz_guia,Banda de Cornetas y Tambores Lágrimas de Dolores de Churriana,,True
Malaga,Jueves Santo,7,1,Cena,Trono de Cristo,cristo,Agrupación Musical Nuestra Señora de la Estrella de Dos Hermanas,https://musicofrades.com/directorio/305-agrupacion-musical-nuestra-senora-de-la-estrella-de-dos-hermanas/,True
Malaga,Jueves Santo,7,1,Cena,Trono de Virgen,virgen,Banda de Música Nuestra Señora de la Paz de Málaga,https://musicofrades.com/directorio/938-banda-de-musica-nuestra-senora-de-la-paz-de-malaga/,False
Malaga,Jueves Santo,7,2,Santa Cruz,Trono de Virgen,virgen,Banda de Música Maestro Eloy García de la Archicofradía de la Expiración de Málaga,https://musicofrades.com/directorio/1401-banda-de-musica-maestro-eloy-garcia-de-la-archicofradia-de-la-expiracion-de-malaga/,False
Malaga,Jueves Santo,7,3,Viñeros,Trono de Cristo,cristo,Agrupación Musical San Lorenzo Mártir de Málaga,https://musicofrades.com/directorio/1134-agrupacion-musical-san-lorenzo-martir-de-malaga/,True
Malaga,Jueves Santo,7,3,Viñeros,Trono de Virgen,virgen,Banda de Música de la Asociación Musical Santa Cecilia de Sorbas,https://musicofrades.com/directorio/456-banda-de-musica-de-la-asociacion-musical-santa-cecilia-de-sorbas/,True
Malaga,Jueves Santo,7,4,Vera+Cruz,Trono de Cristo,cristo,Banda de Música Sinfónica Virgen de la Trinidad de Málaga,https://musicofrades.com/directorio/1127-banda-de-musica-sinfonica-virgen-de-la-trinidad-de-malaga/,False
Malaga,Jueves Santo,7,5,Zamarrilla,Cruz de Guía,cruz_guia,,,False
Malaga,Jueves Santo,7,5,Zamarrilla,Trono de Cristo,cristo,Banda de Cornetas y Tambores Nuestro Padre Jesús Cautivo de Málaga,https://musicofrades.com/directorio/1188-banda-de-cornetas-y-tambores-nuestro-padre-jesus-cautivo-de-malaga/,True
Malaga,Jueves Santo,7,5,Zamarrilla,Trono de Virgen,virgen,Banda de Música de la Hermandad de Zamarrilla de Málaga,https://musicofrades.com/directorio/909-banda-de-musica-de-la-hermandad-de-zamarrilla-de-malaga/,False
Malaga,Jueves Santo,7,6,Mena,Cruz de Guía,cruz_guia,,,False
Malaga,Jueves Santo,7,6,Mena,Trono de Cristo,cristo,,,False
Malaga,Jueves Santo,7,6,Mena,Trono de Virgen,virgen,Banda de Música Nuestra Señora de la Soledad de Mena de Málaga,https://musicofrades.com/directorio/1370-banda-de-musica-nuestra-senora-de-la-soledad-de-mena-de-malaga/,False
Malaga,Jueves Santo,7,7,Misericordia,Trono de Cristo,cristo,Banda de Cornetas y Tambores Nuestra Señora del Carmen de Málaga,https://musicofrades.com/directorio/1082-banda-de-cornetas-y-tambores-nuestra-senora-del-carmen-de-malaga/,True
Malaga,Jueves Santo,7,7,Misericordia,Trono de Virgen,virgen,Banda de Música Cruz del Humilladero de Málaga,https://musicofrades.com/directorio/961-banda-de-musica-cruz-del-humilladero-de-malaga/,False
Malaga,Jueves Santo,7,8,Esperanza,Trono de Cristo,cristo,Banda de Cornetas y Tambores Paso y Esperanza de Málaga,https://musicofrades.com/directorio/899-banda-de-cornetas-y-tambores-paso-y-esperanza-de-malaga/,True
Malaga,Jueves Santo,7,8,Esperanza,Trono de Virgen,virgen,Banda de Música de la Archicofradía del Paso y la Esperanza de Málaga,https://musicofrades.com/directorio/716-banda-de-musica-de-la-archicofradia-del-paso-y-la-esperanza-de-malaga/,False
Malaga,Viernes Santo,8,1,Monte Calvario,Trono de Cristo,cristo,Banda de Música Santa Cecilia de Málaga,https://musicofrades.com/directorio/1832-banda-de-musica-santa-cecilia-de-malaga/,False
Malaga,Viernes Santo,8,1,Monte Calvario,Trono de Virgen,virgen,Banda de Música Nuestra Señora de la Paz de Málaga,https://musicofrades.com/directorio/938-banda-de-musica-nuestra-senora-de-la-paz-de-malaga/,False
Malaga,Viernes Santo,8,2,Descendimiento,Trono de Cristo,cristo,Banda de Música Cruz del Humilladero de Málaga,https://musicofrades.com/directorio/961-banda-de-musica-cruz-del-humilladero-de-malaga/,False
Malaga,Viernes Santo,8,2,Descendimiento,Trono de Virgen,virgen,Banda de Música Maestro Eloy García de la Archicofradía de la Expiración de Málaga,https://musicofrades.com/directorio/1401-banda-de-musica-maestro-eloy-garcia-de-la-archicofradia-de-la-expiracion-de-malaga/,False
Malaga,Viernes Santo,8,3,Amor y Caridad,Trono de Cristo,cristo,Banda de Cornetas y Tambores Paso y Esperanza de Málaga,https://musicofrades.com/directorio/899-banda-de-cornetas-y-tambores-paso-y-esperanza-de-malaga/,True
Malaga,Viernes Santo,8,3,Amor y Caridad,Trono de Virgen,virgen,Banda de Música Virgen del Rocío de Málaga,https://musicofrades.com/directorio/1247-banda-de-musica-virgen-del-rocio-de-malaga/,False
Malaga,Viernes Santo,8,4,Dolores de San Juan,Trono de Cristo,cristo,Capilla Musical,,False
Malaga,Viernes Santo,8,4,Dolores de San Juan,Trono de Virgen,virgen,Capilla Musical,,False
Malaga,Viernes Santo,8,5,Santo Traslado,Trono de Cristo,cristo,Banda de Cornetas y Tambores Nuestro Padre Jesús Cautivo de Málaga,https://musicofrades.com/directorio/1188-banda-de-cornetas-y-tambores-nuestro-padre-jesus-cautivo-de-malaga/,True
Malaga,Viernes Santo,8,5,Santo Traslado,Trono de la Virgen,virgen,Banda de Música Sinfónica Virgen de la Trinidad de Málaga,https://musicofrades.com/directorio/1127-banda-de-musica-sinfonica-virgen-de-la-trinidad-de-malaga/,False
Malaga,Viernes Santo,8,6,Piedad,Trono de Cristo y Virgen,dudoso,Banda de Música de la Hermandad de Zamarrilla de Málaga,https://musicofrades.com/directorio/909-banda-de-musica-de-la-hermandad-de-zamarrilla-de-malaga/,False
Malaga,Viernes Santo,8,7,Sepulcro,Trono de Cristo,cristo,Banda de Música Municipal de Málaga,https://musicofrades.com/directorio/62-banda-de-musica-municipal-de-malaga/,False
Malaga,Viernes Santo,8,7,Sepulcro,Trono de Virgen,virgen,Banda de Música de la Archicofradía del Paso y la Esperanza de Málaga,https://musicofrades.com/directorio/716-banda-de-musica-de-la-archicofradia-del-paso-y-la-esperanza-de-malaga/,False
Malaga,Viernes Santo,8,8,Servitas,Trono de Virgen,virgen,Banda de Cornetas y Tambores del Real Cuerpo de Bomberos de Málaga,https://musicofrades.com/directorio/2-banda-de-cornetas-y-tambores-del-real-cuerpo-de-bomberos-de-malaga/,True
Malaga,Domingo de Resurrección,9,1,Resucitado,Cruz de Guía,cruz_guia,Banda de Cornetas y Tambores Lágrimas de Dolores de Churriana,,True
Malaga,Domingo de Resurrección,9,1,Resucitado,Trono de Cristo,cristo,Banda de Cornetas y Tambores Nuestra Señora del Carmen de Málaga,https://musicofrades.com/directorio/1082-banda-de-cornetas-y-tambores-nuestra-senora-del-carmen-de-malaga/,True
Malaga,Domingo de Resurrección,9,1,Resucitado,Trono de Virgen,virgen,Banda de Música Nuestra Señora de la Paz de Málaga,https://musicofrades.com/directorio/938-banda-de-musica-nuestra-senora-de-la-paz-de-malaga/,False
Jerez de la Frontera,Sábado de Pasión,1,1,Prendimiento de Torrecera,Paso de Misterio,cristo,Agrupación Musical Sagrada Resurrección de Sanlúcar de Barrameda,https://musicofrades.com/directorio/1155-agrupacion-musical-sagrada-resurreccion-de-sanlucar-de-barrameda/,True
Jerez de la Frontera,Sábado de Pasión,1,2,Cautivo del Portal,Paso de Misterio,cristo,Agrupación Musical Santa Ángela de la Cruz de Las Cabezas de San Juan,https://musicofrades.com/directorio/1256-agrupacion-musical-santa-angela-de-la-cruz-de-las-cabezas-de-san-juan/,True
Jerez de la Frontera,Sábado de Pasión,1,3,Humildad de Barbadillo,Paso de Misterio,cristo,Agrupación Musical Nuestra Señora de Valme de Dos Hermanas,https://musicofrades.com/directorio/1040-agrupacion-musical-nuestra-senora-de-valme-de-dos-hermanas/,True
Jerez de la Frontera,Sábado de Pasión,1,4,Entrega de Guadalcacín,Paso de Misterio,cristo,Banda de Cornetas y Tambores Santísimo Cristo de la Caridad – Santa Marta – de Jerez de la Frontera,https://musicofrades.com/directorio/374-banda-de-cornetas-y-tambores-santisimo-cristo-de-la-caridad-santa-marta-de-jerez-de-la-frontera/,True
Jerez de la Frontera,Domingo de Ramos,2,1,La Borriquita,Paso de Misterio,cristo,Banda de Cornetas y Tambores Santísimo Cristo de la Vera-Cruz de Los Palacios y Villafranca,https://musicofrades.com/directorio/843-banda-de-cornetas-y-tambores-santisimo-cristo-de-la-vera-cruz-de-los-palacios-y-villafranca/,True
Jerez de la Frontera,Domingo de Ramos,2,1,La Borriquita,Paso de Palio,virgen,Banda de Música Municipal Maestro Enrique Galán de Rota,https://musicofrades.com/directorio/276-banda-de-musica-municipal-maestro-enrique-galan-de-rota/,False
Jerez de la Frontera,Domingo de Ramos,2,2,Pasión,Paso de Misterio,cristo,Banda de Cornetas y Tambores Amor y Sacrificio de Lebrija,https://musicofrades.com/directorio/1182-banda-de-cornetas-y-tambores-amor-y-sacrificio-de-lebrija/,True
Jerez de la Frontera,Domingo de Ramos,2,3,El Perdón,Paso de Misterio,cristo,Banda de Cornetas y Tambores Santísimo Cristo de los Remedios de Castilleja de la Cuesta,https://musicofrades.com/directorio/375-banda-de-cornetas-y-tambores-santisimo-cristo-de-los-remedios-de-castilleja-de-la-cuesta/,True
Jerez de la Frontera,Domingo de Ramos,2,3,El Perdón,Paso de Palio,virgen,Banda de Música Virgen del Castillo de Lebrija,https://musicofrades.com/directorio/787-banda-de-musica-virgen-del-castillo-de-lebrija/,False
Jerez de la Frontera,Domingo de Ramos,2,4,El Transporte,Paso de Misterio,cristo,Banda de Cornetas y Tambores de la Centuria Romana Macarena de Sevilla,https://musicofrades.com/directorio/153-banda-de-cornetas-y-tambores-de-la-centuria-romana-macarena-de-sevilla/,True
Jerez de la Frontera,Domingo de Ramos,2,4,El Transporte,Paso de Palio,virgen,Banda de Música Santa Ana de Dos Hermanas,https://musicofrades.com/directorio/386-banda-de-musica-santa-ana-de-dos-hermanas/,False
Jerez de la Frontera,Domingo de Ramos,2,5,La Coronación,Paso de Misterio,cristo,Agrupación Musical La Sentencia de Jerez de la Frontera,https://musicofrades.com/directorio/794-agrupacion-musical-la-sentencia-de-jerez-de-la-frontera/,True
Jerez de la Frontera,Domingo de Ramos,2,5,La Coronación,Paso de Palio,virgen,Banda de Música Maestro Dueñas de El Puerto de Santa María,https://musicofrades.com/directorio/48-banda-de-musica-maestro-duenas-de-el-puerto-de-santa-maria/,False
Jerez de la Frontera,Domingo de Ramos,2,6,Las Angustias,Paso de Virgen,virgen,Escolanía,,False
Jerez de la Frontera,Lunes Santo,3,1,Cristo de la Sed,Paso de Cristo,cristo,Banda de Cornetas y Tambores Coronación de Campillos,https://musicofrades.com/directorio/1048-banda-de-cornetas-y-tambores-coronacion-de-campillos/,True
Jerez de la Frontera,Lunes Santo,3,2,La Paz de Fátima,Paso de Misterio,cristo,Agrupación Musical La Sentencia de Jerez de la Frontera,https://musicofrades.com/directorio/794-agrupacion-musical-la-sentencia-de-jerez-de-la-frontera/,True
Jerez de la Frontera,Lunes Santo,3,2,La Paz de Fátima,Paso de Palio,virgen,Banda de Música de la Asociación Musical Ecijana – AMUECI – de Écija,https://musicofrades.com/directorio/401-banda-de-musica-de-la-asociacion-musical-ecijana-amueci-de-ecija/,True
Jerez de la Frontera,Lunes Santo,3,3,La Candelaria,Paso de Misterio,cristo,Agrupación Musical Lágrimas de Dolores de San Fernando,https://musicofrades.com/directorio/735-agrupacion-musical-lagrimas-de-dolores-de-san-fernando/,True
Jerez de la Frontera,Lunes Santo,3,3,La Candelaria,Paso de Palio,virgen,Banda de Música Virgen del Castillo de Lebrija,https://musicofrades.com/directorio/787-banda-de-musica-virgen-del-castillo-de-lebrija/,False
Jerez de la Frontera,Lunes Santo,3,4,La Cena,Paso de Misterio,cristo,Agrupación Musical Nuestra Señora de la Estrella de Dos Hermanas,https://musicofrades.com/directorio/305-agrupacion-musical-nuestra-senora-de-la-estrella-de-dos-hermanas/,True
Jerez de la Frontera,Lunes Santo,3,4,La Cena,Paso de Palio,virgen,Banda de Música Nuestro Padre Jesús Nazareno de Rota,https://musicofrades.com/directorio/823-banda-de-musica-nuestro-padre-jesus-nazareno-de-rota/,False
Jerez de la Frontera,Lunes Santo,3,5,Amor y Sacrificio,Paso de Virgen,virgen,Silencio,,False
Jerez de la Frontera,Lunes Santo,3,6,La Viga,Paso de Cristo,cristo,Capilla Musical,,False
Jerez de la Frontera,Lunes Santo,3,6,La Viga,Paso de Palio,virgen,Banda de Música de la Asociación Cultural Maestro Agripino Lozano de San Fernando,https://musicofrades.com/directorio/281-banda-de-musica-de-la-asociacion-cultural-maestro-agripino-lozano-de-san-fernando/,False
Jerez de la Frontera,Martes Santo,4,1,Bondad y Misericordia,Paso de Misterio,cristo,Agrupación Musical San Juan de Jerez de la Frontera,https://musicofrades.com/directorio/355-agrupacion-musical-san-juan-de-jerez-de-la-frontera/,True
Jerez de la Frontera,Martes Santo,4,2,La Salvación,Paso de Misterio,cristo,Agrupación Musical Polillas de Cádiz,https://musicofrades.com/directorio/668-agrupacion-musical-polillas-de-cadiz/,True
Jerez de la Frontera,Martes Santo,4,3,La Clemencia,Paso de Misterio,cristo,Agrupación Musical Santísimo Cristo de la Clemencia de Jerez de la Frontera,https://musicofrades.com/directorio/1360-agrupacion-musical-santisimo-cristo-de-la-clemencia-de-jerez-de-la-frontera/,True
Jerez de la Frontera,Martes Santo,4,3,La Clemencia,Paso de Palio,virgen,Banda de Música Municipal de Gerena,https://musicofrades.com/directorio/541-banda-de-musica-municipal-de-gerena/,False
Jerez de la Frontera,Martes Santo,4,4,Salud de San Rafael,Paso de Misterio,cristo,Agrupación Musical La Sentencia de Jerez de la Frontera,https://musicofrades.com/directorio/794-agrupacion-musical-la-sentencia-de-jerez-de-la-frontera/,True
Jerez de la Frontera,Martes Santo,4,5,La Defensión,Paso de Cristo,cristo,Banda de Cornetas y Tambores Nuestro Padre Jesús en la Presentación al Pueblo de Dos Hermanas,https://musicofrades.com/directorio/627-banda-de-cornetas-y-tambores-nuestro-padre-jesus-en-la-presentacion-al-pueblo-de-dos-hermanas/,True
Jerez de la Frontera,Martes Santo,4,5,La Defensión,Paso de Palio,virgen,Banda de Música Nuestra Señora de la Soledad de Cantillana,https://musicofrades.com/directorio/275-banda-de-musica-nuestra-senora-de-la-soledad-de-cantillana/,False
Jerez de la Frontera,Martes Santo,4,6,El Amor,Paso de Misterio,cristo,Agrupación Musical Nuestra Señora de Valme de Dos Hermanas,https://musicofrades.com/directorio/1040-agrupacion-musical-nuestra-senora-de-valme-de-dos-hermanas/,True
Jerez de la Frontera,Martes Santo,4,6,El Amor,Paso de Cristo,cristo,Banda de Cornetas y Tambores Nuestro Padre Jesús Nazareno de Arahal,https://musicofrades.com/directorio/1810-banda-de-cornetas-y-tambores-nuestro-padre-jesus-nazareno-de-arahal/,True
Jerez de la Frontera,Martes Santo,4,7,Los Judíos de San Mateo,Paso de Misterio,cristo,Agrupación Musical Nuestro Padre Jesús de la Redención de Sevilla,https://musicofrades.com/directorio/353-agrupacion-musical-nuestro-padre-jesus-de-la-redencion-de-sevilla/,True
Jerez de la Frontera,Martes Santo,4,7,Los Judíos de San Mateo,Paso de Palio,virgen,Banda de Música Maestro Dueñas de El Puerto de Santa María,https://musicofrades.com/directorio/48-banda-de-musica-maestro-duenas-de-el-puerto-de-santa-maria/,False
Jerez de la Frontera,Miércoles Santo,5,1,El Soberano Poder,Paso de Misterio,cristo,Agrupación Musical La Sentencia de Jerez de la Frontera,https://musicofrades.com/directorio/794-agrupacion-musical-la-sentencia-de-jerez-de-la-frontera/,True
Jerez de la Frontera,Miércoles Santo,5,2,El Consuelo del Pelirón,Paso de Misterio,cristo,Agrupación Musical Sagrada Resurrección de Sanlúcar de Barrameda,https://musicofrades.com/directorio/1155-agrupacion-musical-sagrada-resurreccion-de-sanlucar-de-barrameda/,True
Jerez de la Frontera,Miércoles Santo,5,2,El Consuelo del Pelirón,Paso de Palio,virgen,Banda de Música Nuestra Madre de la Consolación de Huelva,https://musicofrades.com/directorio/786-banda-de-musica-nuestra-madre-de-la-consolacion-de-huelva/,False
Jerez de la Frontera,Miércoles Santo,5,3,Las Tres Caídas,Paso de Misterio,cristo,Escolanía,,False
Jerez de la Frontera,Miércoles Santo,5,3,Las Tres Caídas,Paso de Cristo,cristo,Banda de Cornetas y Tambores Nuestro Padre Jesús de las Tres Caídas de Arcos de la Frontera,https://musicofrades.com/directorio/626-banda-de-cornetas-y-tambores-nuestro-padre-jesus-de-las-tres-caidas-de-arcos-de-la-frontera/,True
Jerez de la Frontera,Miércoles Santo,5,3,Las Tres Caídas,Paso de Palio,virgen,Banda de Música Municipal de Gerena,https://musicofrades.com/directorio/541-banda-de-musica-municipal-de-gerena/,False
Jerez de la Frontera,Miércoles Santo,5,4,La Amargura,Paso de Misterio,cristo,Banda de Cornetas y Tambores Santísimo Cristo de la Caridad – Santa Marta – de Jerez de la Frontera,https://musicofrades.com/directorio/374-banda-de-cornetas-y-tambores-santisimo-cristo-de-la-caridad-santa-marta-de-jerez-de-la-frontera/,True
Jerez de la Frontera,Miércoles Santo,5,4,La Amargura,Paso de Palio,virgen,Banda de Música Julián Cerdán de Sanlúcar de Barrameda,https://musicofrades.com/directorio/44-banda-de-musica-julian-cerdan-de-sanlucar-de-barrameda/,False
Jerez de la Frontera,Miércoles Santo,5,5,El Prendimiento,Paso de Misterio,cristo,Agrupación Musical Nuestro Padre Jesús de la Salud – Los Gitanos – de Sevilla,https://musicofrades.com/directorio/831-agrupacion-musical-nuestro-padre-jesus-de-la-salud-los-gitanos-de-sevilla/,True
Jerez de la Frontera,Miércoles Santo,5,5,El Prendimiento,Paso de Palio,virgen,Banda de Música Nuestra Señora de Palomares de Trebujena,https://musicofrades.com/directorio/69-banda-de-musica-nuestra-senora-de-palomares-de-trebujena/,False
Jerez de la Frontera,Jueves Santo,6,1,La Vera Cruz,Cruz de Guía,cruz_guia,Capilla Musical,,False
Jerez de la Frontera,Jueves Santo,6,1,La Vera Cruz,Paso de Cristo,cristo,Banda de Cornetas y Tambores Jesús Nazareno de Utrera,https://musicofrades.com/directorio/1408-banda-de-cornetas-y-tambores-jesus-nazareno-de-utrera/,True
Jerez de la Frontera,Jueves Santo,6,1,La Vera Cruz,Paso de Palio,virgen,Banda de Música Nuestro Padre Jesús Nazareno de Rota,https://musicofrades.com/directorio/823-banda-de-musica-nuestro-padre-jesus-nazareno-de-rota/,False
Jerez de la Frontera,Jueves Santo,6,2,La Redención,Paso de Misterio,cristo,Banda de Cornetas y Tambores Santísimo Cristo de la Elevación de Campo de Criptana,https://musicofrades.com/directorio/679-banda-de-cornetas-y-tambores-santisimo-cristo-de-la-elevacion-de-campo-de-criptana/,True
Jerez de la Frontera,Jueves Santo,6,3,La Oración en el Huerto,Paso de Misterio,cristo,Banda de Cornetas y Tambores Coronación de Campillos,https://musicofrades.com/directorio/1048-banda-de-cornetas-y-tambores-coronacion-de-campillos/,True
Jerez de la Frontera,Jueves Santo,6,3,La Oración en el Huerto,Paso de Palio,virgen,Banda de Música Nuestra Señora de la Soledad de La Algaba,https://musicofrades.com/directorio/385-banda-de-musica-nuestra-senora-de-la-soledad-de-la-algaba/,False
Jerez de la Frontera,Jueves Santo,6,4,La Lanzada,Paso de Misterio,cristo,Banda de Cornetas y Tambores Esencia de Sevilla,https://musicofrades.com/directorio/1108-banda-de-cornetas-y-tambores-esencia-de-sevilla/,True
Jerez de la Frontera,Jueves Santo,6,5,Humildad y Paciencia,Paso de Misterio,cristo,Capilla Musical,,False
Jerez de la Frontera,Jueves Santo,6,6,Mayor Dolor,Paso de Misterio,cristo,Banda de Cornetas y Tambores Santísimo Cristo de la Caridad – Santa Marta – de Jerez de la Frontera,https://musicofrades.com/directorio/374-banda-de-cornetas-y-tambores-santisimo-cristo-de-la-caridad-santa-marta-de-jerez-de-la-frontera/,True
Jerez de la Frontera,Jueves Santo,6,6,Mayor Dolor,Paso de Palio,virgen,Banda de Música Nuestra Señora de Palomares de Trebujena,https://musicofrades.com/directorio/69-banda-de-musica-nuestra-senora-de-palomares-de-trebujena/,False
Jerez de la Frontera,Noche de Jesús,7,1,El Santo Crucifijo,Paso de Cristo,cristo,Silencio,,False
Jerez de la Frontera,Noche de Jesús,7,1,El Santo Crucifijo,Paso de Palio,virgen,Silencio,,False
Jerez de la Frontera,Noche de Jesús,7,2,El Nazareno,Paso de Misterio,cristo,Banda de Cornetas y Tambores Nuestro Padre Jesús del Gran Poder de Coria del Río,https://musicofrades.com/directorio/770-banda-de-cornetas-y-tambores-nuestro-padre-jesus-del-gran-poder-de-coria-del-rio/,True
Jerez de la Frontera,Noche de Jesús,7,2,El Nazareno,Paso de San Juan,dudoso,Silencio,,False
Jerez de la Frontera,Noche de Jesús,7,2,El Nazareno,Paso de Palio,virgen,Banda de Música Virgen del Castillo de Lebrija,https://musicofrades.com/directorio/787-banda-de-musica-virgen-del-castillo-de-lebrija/,False
Jerez de la Frontera,Noche de Jesús,7,3,Las Cinco Llagas,Paso de Misterio,cristo,Silencio,,False
Jerez de la Frontera,Noche de Jesús,7,3,Las Cinco Llagas,Paso de Palio,virgen,Silencio,,False
Jerez de la Frontera,Noche de Jesús,7,4,La Buena Muerte,Paso de Cristo,cristo,Silencio,,False
Jerez de la Frontera,Noche de Jesús,7,4,La Buena Muerte,Paso de Palio,virgen,Silencio,,False
Jerez de la Frontera,Noche de Jesús,7,5,La Yedra,Paso de Misterio,cristo,Agrupación Musical La Sentencia de Jerez de la Frontera,https://musicofrades.com/directorio/794-agrupacion-musical-la-sentencia-de-jerez-de-la-frontera/,True
Jerez de la Frontera,Noche de Jesús,7,5,La Yedra,Paso de Palio,virgen,Banda de Música Municipal Fernando Guerrero de Los Palacios y Villafranca,https://musicofrades.com/directorio/568-banda-de-musica-municipal-fernando-guerrero-de-los-palacios-y-villafranca/,False
Jerez de la Frontera,Noche de Jesús,7,6,La Misión,Paso de Misterio,cristo,Banda de Cornetas y Tambores Jesús Despojado de San Fernando,https://musicofrades.com/directorio/1517-banda-de-cornetas-y-tambores-jesus-despojado-de-san-fernando/,True
Jerez de la Frontera,Viernes Santo,8,1,Loreto,Paso de Virgen,virgen,Coro y Capilla Musical,,False
Jerez de la Frontera,Viernes Santo,8,2,La Exaltación,Paso de Misterio,cristo,Agrupación Musical Virgen de los Reyes de Sevilla,https://musicofrades.com/directorio/702-agrupacion-musical-virgen-de-los-reyes-de-sevilla/,True
Jerez de la Frontera,Viernes Santo,8,2,La Exaltación,Paso de Palio,virgen,Banda de Música Municipal de Bollullos Par del Condado,https://musicofrades.com/directorio/120-banda-de-musica-municipal-de-bollullos-par-del-condado/,False
Jerez de la Frontera,Viernes Santo,8,3,El Cristo,Paso de Cristo,cristo,Agrupación Musical San Juan de Jerez de la Frontera,https://musicofrades.com/directorio/355-agrupacion-musical-san-juan-de-jerez-de-la-frontera/,True
Jerez de la Frontera,Viernes Santo,8,3,El Cristo,Paso de San Juan,dudoso,Silencio,,False
Jerez de la Frontera,Viernes Santo,8,3,El Cristo,Paso de Palio,virgen,Banda de Música Nuestra Señora de Palomares de Trebujena,https://musicofrades.com/directorio/69-banda-de-musica-nuestra-senora-de-palomares-de-trebujena/,False
Jerez de la Frontera,Viernes Santo,8,4,La Soledad,Paso de Misterio,cristo,Banda de Cornetas y Tambores Santísimo Cristo de la Caridad – Santa Marta – de Jerez de la Frontera,https://musicofrades.com/directorio/374-banda-de-cornetas-y-tambores-santisimo-cristo-de-la-caridad-santa-marta-de-jerez-de-la-frontera/,True
Jerez de la Frontera,Viernes Santo,8,4,La Soledad,Paso de Palio,virgen,Banda de Música Maestro Dueñas de El Puerto de Santa María,https://musicofrades.com/directorio/48-banda-de-musica-maestro-duenas-de-el-puerto-de-santa-maria/,False
Jerez de la Frontera,Sábado Santo,9,1,Cristo de las Almas,Paso de Cristo,cristo,Banda de Cornetas y Tambores Zoilo Ruiz-Mateos de Rota,https://musicofrades.com/directorio/426-banda-de-cornetas-y-tambores-zoilo-ruiz-mateos-de-rota/,True
Jerez de la Frontera,Sábado Santo,9,2,Sagrada Mortaja,Paso de Misterio,cristo,Banda de Música de la Sociedad Filarmónica de Albaida del Aljarafe,https://musicofrades.com/directorio/1090-banda-de-musica-de-la-sociedad-filarmonica-de-albaida-del-aljarafe/,False
Jerez de la Frontera,Sábado Santo,9,3,Santa Marta,Paso de Misterio,cristo,Banda de Cornetas y Tambores Santísimo Cristo de la Caridad – Santa Marta – de Jerez de la Frontera,https://musicofrades.com/directorio/374-banda-de-cornetas-y-tambores-santisimo-cristo-de-la-caridad-santa-marta-de-jerez-de-la-frontera/,True
Jerez de la Frontera,Sábado Santo,9,3,Santa Marta,Paso de Palio,virgen,Banda de Música Nuestra Señora del Rosario de El Cuervo de Sevilla,https://musicofrades.com/directorio/883-banda-de-musica-nuestra-senora-del-rosario-de-el-cuervo-de-sevilla/,False
Jerez de la Frontera,Sábado Santo,9,4,La Piedad,Paso de Misterio,cristo,Banda de Música de la Asociación Cultural Maestro Agripino Lozano de San Fernando,https://musicofrades.com/directorio/281-banda-de-musica-de-la-asociacion-cultural-maestro-agripino-lozano-de-san-fernando/,False
Jerez de la Frontera,Sábado Santo,9,4,La Piedad,Paso de Palio,virgen,Banda de Música Nuestro Padre Jesús Nazareno de Rota,https://musicofrades.com/directorio/823-banda-de-musica-nuestro-padre-jesus-nazareno-de-rota/,False
Jerez de la Frontera,Domingo de Resurrección,10,1,Sagrada Resurrección,Paso de Misterio,cristo,Agrupación Musical San Juan de Jerez de la Frontera,https://musicofrades.com/directorio/355-agrupacion-musical-san-juan-de-jerez-de-la-frontera/,True
