hermandad,titular,anio,valor_2019,valor_2026
La Mision,,1992,CCTT Cristo de la Sed,B. Stmo. Cristo de la Sed
La Mision,,1993,CCTT Cristo de la Sed,B. Stmo. Cristo de la Sed
La Mision,,1994,CCTT Cristo de la Sed,B. Stmo. Cristo de la Sed
La Mision,,1995,CCTT Cristo de la Sed,B. Stmo. Cristo de la Sed
La Mision,,1996,CCTT Ntra. Sra. de la Salud de Utrera,B. Ntra. Sra. de la Salud de Utrera
La Mision,,1997,CCTT San Francisco Javier,B. de S. Francisco Javier
La Mision,,1998,CCTT Cristo de la Exaltacion,C y T Cristo de la Exaltación
La Mision,,1999,CCTT Cristo de la Exaltacion,C y T Cristo de la Exaltación
La Mision,,2000,CCTT Cristo de la Exaltacion,C y T Cristo de la Exaltación
La Mision,,2001,CCTT Cristo de la Exaltacion,C y T Cristo de la Exaltación
La Mision,,2002,CCTT Cristo de la Exaltacion,C y T Cristo de la Exaltación
La Mision,,2003,CCTT Sol,C y T Ntra. Sra. del Sol
La Mision,,2004,CCTT Sol,C y T Ntra. Sra. del Sol
La Mision,,2005,CCTT Sol,C y T Ntra. Sra. del Sol
La Mision,,2006,CCTT Sol,C y T Ntra. Sra. del Sol
La Mision,,2007,CCTT Sol,C y T Ntra. Sra. del Sol
La Mision,,2008,CCTT Las Cigarreras,"CyT Ntra Sra de la Victoria ""Cigarreras"""
La Mision,,2009,CCTT Las Cigarreras,"CyT Ntra Sra de la Victoria ""Cigarreras"""
La Mision,,2010,CCTT Las Cigarreras,"CyT Ntra Sra de la Victoria ""Cigarreras"""
La Mision,,2011,CCTT Las Cigarreras,"CyT Ntra Sra de la Victoria ""Cigarreras"""
La Mision,,2012,CCTT Las Cigarreras,"CyT Ntra Sra de la Victoria ""Cigarreras"""
La Mision,,2013,CCTT Las Cigarreras,"CyT Ntra Sra de la Victoria ""Cigarreras"""
La Mision,,2014,CCTT Las Cigarreras,"CyT Ntra Sra de la Victoria ""Cigarreras"""
La Mision,,2015,CCTT Las Cigarreras,"CyT Ntra Sra de la Victoria ""Cigarreras"""
La Mision,,2016,CCTT Las Cigarreras,"CyT Ntra Sra de la Victoria ""Cigarreras"""
La Mision,,2017,CCTT Las Cigarreras,"CyT Ntra Sra de la Victoria ""Cigarreras"""
La Mision,,2018,CCTT Las Cigarreras,"CyT Ntra Sra de la Victoria ""Cigarreras"""
La Mision,,2019,CCTT Las Cigarreras,"CyT Ntra Sra de la Victoria ""Cigarreras"""
Padre Pio,Paso de Cristo,1996,AM Maria Inmaculada (Castilleja de la Cuesta),A. M. María Inmaculada (Castilleja de la Cuesta)
Padre Pio,Paso de Cristo,1997,AM Ma Stma. de la Paz,A. M. Mª Stma. de la Paz
Padre Pio,Paso de Cristo,1998,CCTT Cristo de la Sangre,B. Stmo. Cristo de la Sangre
Padre Pio,Paso de Cristo,1999,CCTT Virgen de Gracia (Carmona),B. Virgen de Gracia (Carmona)
Padre Pio,Paso de Cristo,2000,AM de San Juan de Aznalfarache,A. M. de San Juan de Aznalfarache
Padre Pio,Paso de Cristo,2001,AM de San Juan de Aznalfarache,A. M. de San Juan de Aznalfarache
Padre Pio,Paso de Cristo,2002,CCTT Veracruz (Los Palacios),B. Veracruz (Los Palacios)
Padre Pio,Paso de Cristo,2003,CCTT Veracruz (Los Palacios),B. Veracruz (Los Palacios)
Padre Pio,Paso de Cristo,2004,CCTT Veracruz (Los Palacios),B. Veracruz (Los Palacios)
Padre Pio,Paso de Cristo,2005,CCTT Presentacion al Pueblo de Dos Hermanas,B. Presentación al Pueblo de Dos Hermanas
Padre Pio,Paso de Cristo,2006,CCTT Presentacion al Pueblo de Dos Hermanas,B. Presentación al Pueblo de Dos Hermanas
Padre Pio,Paso de Cristo,2007,CCTT Presentacion al Pueblo de Dos Hermanas,B. Presentación al Pueblo de Dos Hermanas
Padre Pio,Paso de Cristo,2008,CCTT Presentacion al Pueblo de Dos Hermanas,B. Presentación al Pueblo de Dos Hermanas
Padre Pio,Paso de Cristo,2009,CCTT Presentacion al Pueblo de Dos Hermanas,B. Presentación al Pueblo de Dos Hermanas
Padre Pio,Paso de Cristo,2010,CCTT Ntro. Padre Jesus de la Humildad,CyT Ntro. Padre Jesús de la Humildad
Padre Pio,Paso de Cristo,2011,CCTT Ntro. Padre Jesus de la Humildad,CyT Ntro. Padre Jesús de la Humildad
Padre Pio,Paso de Cristo,2012,CCTT Ntro. Padre Jesus de la Humildad,CyT Ntro. Padre Jesús de la Humildad
Padre Pio,Paso de Cristo,2013,CCTT Ntro. Padre Jesus de la Humildad,CyT Ntro. Padre Jesús de la Humildad
San Jose Obrero,Paso de Cristo,2013,AM Los Gitanos,"AM Nuestro Padre Jesús de la Salud ""Gitanos"""
San Jose Obrero,Paso de Cristo,2014,AM Los Gitanos,"AM Nuestro Padre Jesús de la Salud ""Gitanos"""
San Jose Obrero,Paso de Cristo,2015,AM Los Gitanos,"AM Nuestro Padre Jesús de la Salud ""Gitanos"""
San Jose Obrero,Paso de Cristo,2016,AM Los Gitanos,"AM Nuestro Padre Jesús de la Salud ""Gitanos"""
San Jose Obrero,Paso de Cristo,2017,AM Los Gitanos,"AM Nuestro Padre Jesús de la Salud ""Gitanos"""
San Jose Obrero,Paso de Cristo,2018,AM Los Gitanos,"AM Nuestro Padre Jesús de la Salud ""Gitanos"""
San Jose Obrero,Paso de Cristo,2019,AM Los Gitanos,"AM Nuestro Padre Jesús de la Salud ""Gitanos"""
Divino Perdon de Alcosa,Paso de Cristo,2001,CCTT Juvenil Tres Caidas,B. Juvenil Stmo. Cristo de las Tres Caídas
Divino Perdon de Alcosa,Paso de Cristo,2002,CCTT Stmo. Cristo de la Sed,B. Stmo. Cristo de la Sed
Divino Perdon de Alcosa,Paso de Cristo,2003,CCTT Stmo. Cristo de la Sed,B. Stmo. Cristo de la Sed
Divino Perdon de Alcosa,Paso de Cristo,2004,AM Ntro. Padre Jesus de la Salud,A. M. Ntro. Padre Jesús de la Salud
Divino Perdon de Alcosa,Paso de Cristo,2005,AM Ntro. Padre Jesus de la Salud,A. M. Ntro. Padre Jesús de la Salud
Divino Perdon de Alcosa,Paso de Cristo,2006,AM Ntro. Padre Jesus de la Salud,A. M. Ntro. Padre Jesús de la Salud
Divino Perdon de Alcosa,Paso de Cristo,2007,AM Ntra. Sra. de la Estrella (Dos Hermanas),A. M. Ntra. Sra. de la Estrella (Dos Hermanas)
Divino Perdon de Alcosa,Paso de Cristo,2008,AM Ntra. Sra. de la Estrella (Dos Hermanas),A. M. Ntra. Sra. de la Estrella (Dos Hermanas)
Divino Perdon de Alcosa,Paso de Cristo,2009,AM Ntra. Sra. de la Estrella (Dos Hermanas),A. M. Ntra. Sra. de la Estrella (Dos Hermanas)
Divino Perdon de Alcosa,Paso de Cristo,2010,AM Ntra. Sra. de la Estrella (Dos Hermanas),A. M. Ntra. Sra. de la Estrella (Dos Hermanas)
Divino Perdon de Alcosa,Paso de Cristo,2011,AM Ntra. Sra. de la Estrella (Dos Hermanas),A. M. Ntra. Sra. de la Estrella (Dos Hermanas)
Divino Perdon de Alcosa,Paso de Cristo,2012,AM Ntra. Sra. de la Estrella (Dos Hermanas),A. M. Ntra. Sra. de la Estrella (Dos Hermanas)
Divino Perdon de Alcosa,Paso de Cristo,2013,AM Ntra. Sra. de la Estrella (Dos Hermanas),A. M. Ntra. Sra. de la Estrella (Dos Hermanas)
Divino Perdon de Alcosa,Paso de Cristo,2014,AM Ntra. Sra. de la Estrella (Dos Hermanas),A. M. Ntra. Sra. de la Estrella (Dos Hermanas)
Divino Perdon de Alcosa,Paso de Cristo,2015,AM Ntra. Sra. de la Estrella (Dos Hermanas),A. M. Ntra. Sra. de la Estrella (Dos Hermanas)
Divino Perdon de Alcosa,Paso de Cristo,2016,AM Ntra. Sra. de la Estrella (Dos Hermanas),A. M. Ntra. Sra. de la Estrella (Dos Hermanas)
Divino Perdon de Alcosa,Paso de Cristo,2017,AM Ntra. Sra. de la Estrella (Dos Hermanas),A. M. Ntra. Sra. de la Estrella (Dos Hermanas)
Divino Perdon de Alcosa,Paso de Cristo,2018,AM Ntra. Sra. de la Estrella (Dos Hermanas),A. M. Ntra. Sra. de la Estrella (Dos Hermanas)
Divino Perdon de Alcosa,Paso de Cristo,2019,AM Ntra. Sra. de la Estrella (Dos Hermanas),A. M. Ntra. Sra. de la Estrella (Dos Hermanas)
La Hiniesta,Paso de Cristo,1980,AM Santa Maria Magdalena de Arahal,AM Sta. Mª Magdalena (Arahal)
La Hiniesta,Paso de Cristo,1981,AM Santa Maria Magdalena de Arahal,AM Sta. Mª Magdalena (Arahal)
La Hiniesta,Paso de Cristo,1982,AM Santa Maria Magdalena de Arahal,AM Sta. Mª Magdalena (Arahal)
La Hiniesta,Paso de Cristo,1983,AM Santa Maria Magdalena de Arahal,AM Sta. Mª Magdalena (Arahal)
La Hiniesta,Paso de Cristo,1984,AM Santa Maria Magdalena de Arahal,AM Sta. Mª Magdalena (Arahal)
La Hiniesta,Paso de Cristo,1985,AM Santa Maria Magdalena de Arahal,AM Sta. Mª Magdalena (Arahal)
La Hiniesta,Paso de Cristo,1986,AM Santa Maria Magdalena de Arahal,AM Sta. Mª Magdalena (Arahal)
La Hiniesta,Paso de Cristo,1987,AM Santa Maria Magdalena de Arahal,AM Sta. Mª Magdalena (Arahal)
La Hiniesta,Paso de Cristo,1988,AM Santa Maria Magdalena de Arahal,AM Sta. Mª Magdalena (Arahal)
La Hiniesta,Paso de Cristo,1989,AM Santa Maria Magdalena de Arahal,AM Sta. Mª Magdalena (Arahal)
La Hiniesta,Paso de Cristo,1990,AM Santa Maria Magdalena de Arahal,AM Sta. Mª Magdalena (Arahal)
La Hiniesta,Paso de Cristo,1991,AM Santa Maria Magdalena de Arahal,AM Sta. Mª Magdalena (Arahal)
La Hiniesta,Paso de Cristo,1992,AM Santa Maria Magdalena de Arahal,AM Sta. Mª Magdalena (Arahal)
La Hiniesta,Paso de Cristo,1993,AM Santa Maria Magdalena de Arahal,AM Sta. Mª Magdalena (Arahal)
La Hiniesta,Paso de Cristo,1994,AM Santa Maria Magdalena de Arahal,AM Sta. Mª Magdalena (Arahal)
La Hiniesta,Paso de Cristo,1995,AM Santa Maria Magdalena de Arahal,AM Sta. Mª Magdalena (Arahal)
La Hiniesta,Paso de Cristo,1996,AM Santa Maria Magdalena de Arahal,AM Sta. Mª Magdalena (Arahal)
La Hiniesta,Paso de Cristo,1997,AM Santa Maria Magdalena de Arahal,AM Sta. Mª Magdalena (Arahal)
La Hiniesta,Paso de Cristo,1998,AM Santa Maria Magdalena de Arahal,AM Sta. Mª Magdalena (Arahal)
La Hiniesta,Paso de Cristo,1999,AM Santa Maria Magdalena de Arahal,AM Sta. Mª Magdalena (Arahal)
La Hiniesta,Paso de Cristo,2000,AM Santa Maria Magdalena de Arahal,AM Sta. Mª Magdalena (Arahal)
La Hiniesta,Paso de Cristo,2001,AM Santa Maria Magdalena de Arahal,AM Sta. Mª Magdalena (Arahal)
La Hiniesta,Paso de Cristo,2002,AM Santa Maria Magdalena de Arahal,AM Sta. Mª Magdalena (Arahal)
La Hiniesta,Paso de Cristo,2003,AM Santa Maria Magdalena de Arahal,AM Sta. Mª Magdalena (Arahal)
La Hiniesta,Paso de Cristo,2004,AM Santa Maria Magdalena de Arahal,AM Sta. Mª Magdalena (Arahal)
La Hiniesta,Paso de Cristo,2005,AM Santa Maria Magdalena de Arahal,AM Sta. Mª Magdalena (Arahal)
La Hiniesta,Paso de Cristo,2006,AM Santa Maria Magdalena de Arahal,AM Sta. Mª Magdalena (Arahal)
La Hiniesta,Paso de Cristo,2007,AM Santa Maria Magdalena de Arahal,AM Sta. Mª Magdalena (Arahal)
La Hiniesta,Paso de Cristo,2008,AM Santa Maria Magdalena de Arahal,AM Sta. Mª Magdalena (Arahal)
La Hiniesta,Paso de Cristo,2009,AM Santa Maria Magdalena de Arahal,AM Sta. Mª Magdalena (Arahal)
La Hiniesta,Paso de Cristo,2010,AM Santa Maria Magdalena de Arahal,AM Sta. Mª Magdalena (Arahal)
La Hiniesta,Paso de Cristo,2011,AM Santa Maria Magdalena de Arahal,AM Sta. Mª Magdalena (Arahal)
La Hiniesta,Paso de Cristo,2012,AM Santa Maria Magdalena de Arahal,AM Sta. Mª Magdalena (Arahal)
La Hiniesta,Paso de Cristo,2013,AM Santa Maria Magdalena de Arahal,AM Sta. Mª Magdalena (Arahal)
La Hiniesta,Paso de Cristo,2014,AM Santa Maria Magdalena de Arahal,AM Sta. Mª Magdalena (Arahal)
La Hiniesta,Paso de Cristo,2015,AM Santa Maria Magdalena de Arahal,AM Sta. Mª Magdalena (Arahal)
La Hiniesta,Paso de Cristo,2016,AM Santa Maria Magdalena de Arahal,AM Sta. Mª Magdalena (Arahal)
La Hiniesta,Paso de Cristo,2017,AM Santa Maria Magdalena de Arahal,AM Sta. Mª Magdalena (Arahal)
La Hiniesta,Paso de Cristo,2018,AM Santa Maria Magdalena de Arahal,AM Sta. Mª Magdalena (Arahal)
La Hiniesta,Paso de Cristo,2019,AM Santa Maria Magdalena de Arahal,AM Sta. Mª Magdalena (Arahal)
San Roque,Paso de Cristo,1980,CCTT Centuria Macarena,B. Centuria Macarena
San Roque,Paso de Cristo,1981,CCTT Centuria Macarena,B. Centuria Macarena
San Roque,Paso de Cristo,1982,CCTT Centuria Macarena,B. Centuria Macarena
San Roque,Paso de Cristo,1983,CCTT Centuria Macarena,B. Centuria Macarena
San Roque,Paso de Cristo,1984,CCTT Centuria Macarena,B. Centuria Macarena
San Roque,Paso de Cristo,1985,CCTT Centuria Macarena,B. Centuria Macarena
San Roque,Paso de Cristo,1986,CCTT Centuria Macarena,B. Centuria Macarena
San Roque,Paso de Cristo,1987,CCTT Centuria Macarena,B. Centuria Macarena
San Roque,Paso de Cristo,1988,CCTT Centuria Macarena,B. Centuria Macarena
San Roque,Paso de Cristo,1989,CCTT Centuria Macarena,B. Centuria Macarena
San Roque,Paso de Cristo,1990,CCTT Centuria Macarena,B. Centuria Macarena
San Roque,Paso de Cristo,1991,CCTT Centuria Macarena,B. Centuria Macarena
San Roque,Paso de Cristo,1992,CCTT Centuria Macarena,B. Centuria Macarena
San Roque,Paso de Cristo,1993,CCTT Centuria Macarena,B. Centuria Macarena
San Roque,Paso de Cristo,1994,CCTT Centuria Macarena,B. Centuria Macarena
San Roque,Paso de Cristo,1995,CCTT Centuria Macarena,B. Centuria Macarena
San Roque,Paso de Cristo,1996,CCTT Centuria Macarena,B. Centuria Macarena
San Roque,Paso de Cristo,1997,CCTT Centuria Macarena,B. Centuria Macarena
San Roque,Paso de Cristo,1998,CCTT Centuria Macarena,B. Centuria Macarena
San Roque,Paso de Cristo,1999,CCTT Centuria Macarena,B. Centuria Macarena
San Roque,Paso de Cristo,2000,CCTT Centuria Macarena,B. Centuria Macarena
San Roque,Paso de Cristo,2001,CCTT Centuria Macarena,B. Centuria Macarena
San Roque,Paso de Cristo,2002,CCTT Centuria Macarena,B. Centuria Macarena
San Roque,Paso de Cristo,2003,CCTT Centuria Macarena,B. Centuria Macarena
San Roque,Paso de Cristo,2004,CCTT Centuria Macarena,B. Centuria Macarena
San Roque,Paso de Cristo,2005,CCTT Centuria Macarena,B. Centuria Macarena
San Roque,Paso de Cristo,2006,CCTT Centuria Macarena,B. Centuria Macarena
San Roque,Paso de Cristo,2007,CCTT Centuria Macarena,B. Centuria Macarena
San Roque,Paso de Cristo,2008,CCTT Centuria Macarena,B. Centuria Macarena
San Roque,Paso de Cristo,2009,CCTT Centuria Macarena,B. Centuria Macarena
San Roque,Paso de Cristo,2010,CCTT Centuria Macarena,B. Centuria Macarena
San Roque,Paso de Cristo,2011,CCTT Centuria Macarena,B. Centuria Macarena
San Roque,Paso de Cristo,2012,CCTT Centuria Macarena,B. Centuria Macarena
San Roque,Paso de Cristo,2013,CCTT Centuria Macarena,B. Centuria Macarena
San Roque,Paso de Cristo,2014,CCTT Centuria Macarena,B. Centuria Macarena
San Roque,Paso de Cristo,2015,CCTT Centuria Macarena,CyT Esencia
San Roque,Paso de Cristo,2016,CCTT Esencia,CyT Esencia
San Roque,Paso de Cristo,2017,CCTT Esencia,CyT Esencia
San Roque,Paso de Cristo,2018,CCTT Esencia,CyT Esencia
San Roque,Paso de Cristo,2019,CCTT Esencia,CyT Esencia
San Pablo,Paso de Palio,2009,BM Castillo de Lebrija (Salida hasta el Salvador) y BM Cruz Roja (Salvador hasta Entrada),B. Castillo de Lebrija (ida) y B. Cruz Roja (vuelta)
San Pablo,Paso de Palio,2010,BM Castillo de Lebrija (Salida hasta el Salvador) y BM Cruz Roja (Salvador hasta Entrada),B. Castillo de Lebrija (ida) y B. Cruz Roja (vuelta)
San Pablo,Paso de Palio,2011,BM Castillo de Lebrija (Salida hasta el Salvador) y BM Cruz Roja (Salvador hasta Entrada),B. Castillo de Lebrija (ida) y B. Cruz Roja (vuelta)
San Pablo,Paso de Palio,2012,BM Castillo de Lebrija (Salida hasta el Salvador) y BM Cruz Roja (Salvador hasta Entrada),B. Castillo de Lebrija (ida) y B. Cruz Roja (vuelta)
San Pablo,Paso de Palio,2013,BM Castillo de Lebrija (Salida hasta el Salvador) y BM Cruz Roja (Salvador hasta Entrada),B. Castillo de Lebrija (ida) y B. Cruz Roja (vuelta)
San Pablo,Paso de Palio,2014,BM Nuestra Senora de la Victoria de Las Cigarreras (Salida hasta Catedral) y BM Castillo de Lebrija (Catedral hasta Entrada),BM Ntra Sra de la Victoria de Las Cigarreras (ida) y BM Virgen del Castillo de Lebrija (vuelta)
San Pablo,Paso de Palio,2015,BM Nuestra Senora de la Victoria de Las Cigarreras (Salida hasta Catedral) y BM Castillo de Lebrija (Catedral hasta Entrada),BM Ntra Sra de la Victoria de Las Cigarreras (ida) y BM Virgen del Castillo de Lebrija (vuelta)
San Pablo,Paso de Palio,2016,BM Nuestra Senora de la Victoria de Las Cigarreras (Salida hasta Catedral) y BM Castillo de Lebrija (Catedral hasta Entrada),BM Ntra Sra de la Victoria de Las Cigarreras (ida) y BM Virgen del Castillo de Lebrija (vuelta)
San Pablo,Paso de Palio,2017,BM Nuestra Senora de la Victoria de Las Cigarreras (Salida hasta Catedral) y BM Castillo de Lebrija (Catedral hasta Entrada),BM Ntra Sra de la Victoria de Las Cigarreras (ida) y BM Virgen del Castillo de Lebrija (vuelta)
San Pablo,Paso de Palio,2018,BM Nuestra Senora de la Victoria de Las Cigarreras (Salida hasta Catedral) y BM Castillo de Lebrija (Catedral hasta Entrada),BM Ntra Sra de la Victoria de Las Cigarreras (ida) y BM Virgen del Castillo de Lebrija (vuelta)
San Pablo,Paso de Palio,2019,BM Nuestra Senora de la Victoria de Las Cigarreras (Salida hasta Catedral) y BM Castillo de Lebrija (Catedral hasta Entrada),BM Ntra Sra de la Victoria de Las Cigarreras (ida) y BM Virgen del Castillo de Lebrija (vuelta)
El Beso de Judas,Paso de Palio,1982,BM Nuestra Senora de la Oliva de Salteras,BM Nuestra Señora de la Oliva de Salteras
El Beso de Judas,Paso de Palio,1983,BM Nuestra Senora de la Oliva de Salteras,BM Nuestra Señora de la Oliva de Salteras
El Beso de Judas,Paso de Palio,1984,BM Nuestra Senora de la Oliva de Salteras,BM Nuestra Señora de la Oliva de Salteras
El Beso de Judas,Paso de Palio,1994,BM Nuestra Senora del Rocio,BM Nuestra Señora del Rocío
El Beso de Judas,Paso de Palio,1995,BM Nuestra Senora del Rocio,BM Nuestra Señora del Rocío
El Beso de Judas,Paso de Palio,1996,Sociedad Filarmonica de Pilas,Sociedad Filarmónica de Pilas
El Beso de Judas,Paso de Palio,1997,Sociedad Filarmonica de Pilas,Sociedad Filarmónica de Pilas
El Beso de Judas,Paso de Palio,1998,Sociedad Filarmonica de Pilas,Sociedad Filarmónica de Pilas
El Beso de Judas,Paso de Palio,1999,Sociedad Filarmonica de Pilas,Sociedad Filarmónica de Pilas
El Beso de Judas,Paso de Palio,2000,Sociedad Filarmonica de Pilas,Sociedad Filarmónica de Pilas
El Beso de Judas,Paso de Palio,2001,Sociedad Filarmonica de Pilas,Sociedad Filarmónica de Pilas
El Beso de Judas,Paso de Palio,2002,Sociedad Filarmonica de Pilas,Sociedad Filarmónica de Pilas
El Beso de Judas,Paso de Palio,2003,Sociedad Filarmonica de Pilas,Sociedad Filarmónica de Pilas
El Beso de Judas,Paso de Palio,2004,Sociedad Filarmonica de Pilas,Sociedad Filarmónica de Pilas
El Beso de Judas,Paso de Palio,2008,BM Santa Maria de las Nieves,BM Santa María de las Nieves de Olivares
El Beso de Judas,Paso de Palio,2009,BM Santa Maria de las Nieves,BM Santa María de las Nieves de Olivares
El Beso de Judas,Paso de Palio,2010,BM Santa Maria de las Nieves,BM Santa María de las Nieves de Olivares
El Beso de Judas,Paso de Palio,2011,BM Santa Maria de las Nieves,BM Santa María de las Nieves de Olivares
El Beso de Judas,Paso de Palio,2012,BM Santa Maria de las Nieves,BM Santa María de las Nieves de Olivares
El Beso de Judas,Paso de Palio,2013,BM Santa Maria de las Nieves,BM Santa María de las Nieves de Olivares
El Beso de Judas,Paso de Palio,2014,BM Santa Maria de las Nieves,BM Santa María de las Nieves de Olivares
El Beso de Judas,Paso de Palio,2015,BM Santa Maria de las Nieves,BM Santa María de las Nieves de Olivares
El Beso de Judas,Paso de Palio,2016,BM Santa Maria de las Nieves,BM Santa María de las Nieves de Olivares
El Beso de Judas,Paso de Palio,2017,BM Santa Maria de las Nieves,BM Santa María de las Nieves de Olivares
El Beso de Judas,Paso de Palio,2018,BM Santa Maria de las Nieves,BM Santa María de las Nieves de Olivares
El Beso de Judas,Paso de Palio,2019,BM Santa Maria de las Nieves,BM Santa María de las Nieves de Olivares
Santa Genoveva,Paso de Palio,1981,BM Nuestra Senora del Carmen de Salteras,BM Nuestra Señora del Carmen de Salteras
Santa Genoveva,Paso de Palio,1982,BM Nuestra Senora del Carmen de Salteras,BM Nuestra Señora del Carmen de Salteras
Santa Genoveva,Paso de Palio,1983,BM Nuestra Senora del Carmen de Salteras,BM Nuestra Señora del Carmen de Salteras
Santa Genoveva,Paso de Palio,1984,BM Nuestra Senora del Carmen de Salteras,BM Nuestra Señora del Carmen de Salteras
Santa Genoveva,Paso de Palio,1985,BM Nuestra Senora del Carmen de Salteras,BM Nuestra Señora del Carmen de Salteras
Santa Genoveva,Paso de Palio,1986,BM Nuestra Senora del Carmen de Salteras,BM Nuestra Señora del Carmen de Salteras
Santa Genoveva,Paso de Palio,1987,BM Nuestra Senora del Carmen de Salteras,BM Nuestra Señora del Carmen de Salteras
Santa Genoveva,Paso de Palio,1988,BM Nuestra Senora del Carmen de Salteras,BM Nuestra Señora del Carmen de Salteras
Santa Genoveva,Paso de Palio,1989,BM Nuestra Senora del Carmen de Salteras,BM Nuestra Señora del Carmen de Salteras
Santa Genoveva,Paso de Palio,1990,BM Nuestra Senora del Carmen de Salteras,BM Nuestra Señora del Carmen de Salteras
Santa Genoveva,Paso de Palio,1991,BM Nuestra Senora del Carmen de Salteras,BM Nuestra Señora del Carmen de Salteras
Santa Genoveva,Paso de Palio,1992,BM Nuestra Senora del Carmen de Salteras,BM Nuestra Señora del Carmen de Salteras
Santa Genoveva,Paso de Palio,1993,BM Nuestra Senora del Carmen de Salteras,BM Nuestra Señora del Carmen de Salteras
Santa Genoveva,Paso de Palio,1994,BM Nuestra Senora del Carmen de Salteras,BM Nuestra Señora del Carmen de Salteras
Santa Genoveva,Paso de Palio,1995,BM Nuestra Senora del Carmen de Salteras,BM Nuestra Señora del Carmen de Salteras
Santa Genoveva,Paso de Palio,1996,BM Nuestra Senora del Carmen de Salteras,BM Nuestra Señora del Carmen de Salteras
Santa Genoveva,Paso de Palio,1997,BM Nuestra Senora del Carmen de Salteras,BM Nuestra Señora del Carmen de Salteras
Santa Genoveva,Paso de Palio,1998,BM Nuestra Senora del Carmen de Salteras,BM Nuestra Señora del Carmen de Salteras
Santa Genoveva,Paso de Palio,1999,BM Nuestra Senora del Carmen de Salteras,BM Nuestra Señora del Carmen de Salteras
Santa Genoveva,Paso de Palio,2000,BM Nuestra Senora del Carmen de Salteras,BM Nuestra Señora del Carmen de Salteras
Santa Genoveva,Paso de Palio,2001,BM Nuestra Senora del Carmen de Salteras,BM Nuestra Señora del Carmen de Salteras
Santa Genoveva,Paso de Palio,2002,BM Nuestra Senora del Carmen de Salteras,BM Nuestra Señora del Carmen de Salteras
Santa Genoveva,Paso de Palio,2003,BM Nuestra Senora del Carmen de Salteras,BM Nuestra Señora del Carmen de Salteras
Santa Genoveva,Paso de Palio,2004,BM Nuestra Senora del Carmen de Salteras,BM Nuestra Señora del Carmen de Salteras
Santa Genoveva,Paso de Palio,2005,BM Nuestra Senora del Carmen de Salteras,BM Nuestra Señora del Carmen de Salteras
Santa Genoveva,Paso de Palio,2006,BM Nuestra Senora del Carmen de Salteras,BM Nuestra Señora del Carmen de Salteras
Santa Genoveva,Paso de Palio,2007,BM Nuestra Senora del Carmen de Salteras,BM Nuestra Señora del Carmen de Salteras
Santa Genoveva,Paso de Palio,2008,BM Nuestra Senora del Carmen de Salteras,BM Nuestra Señora del Carmen de Salteras
Santa Genoveva,Paso de Palio,2009,BM Nuestra Senora del Carmen de Salteras,BM Nuestra Señora del Carmen de Salteras
Santa Genoveva,Paso de Palio,2010,BM Nuestra Senora del Carmen de Salteras,BM Nuestra Señora del Carmen de Salteras
Santa Genoveva,Paso de Palio,2011,BM Nuestra Senora del Carmen de Salteras,BM Nuestra Señora del Carmen de Salteras
Santa Genoveva,Paso de Palio,2012,BM Nuestra Senora del Carmen de Salteras,BM Nuestra Señora del Carmen de Salteras
Santa Genoveva,Paso de Palio,2013,BM Nuestra Senora del Carmen de Salteras,BM Nuestra Señora del Carmen de Salteras
Santa Genoveva,Paso de Palio,2014,BM Nuestra Senora del Carmen de Salteras,BM Nuestra Señora del Carmen de Salteras
Santa Genoveva,Paso de Palio,2015,BM Nuestra Senora del Carmen de Salteras,BM Nuestra Señora del Carmen de Salteras
Santa Genoveva,Paso de Palio,2016,BM Nuestra Senora del Carmen de Salteras,BM Nuestra Señora del Carmen de Salteras
Santa Genoveva,Paso de Palio,2017,BM Nuestra Senora del Carmen de Salteras,BM Nuestra Señora del Carmen de Salteras
Santa Genoveva,Paso de Palio,2018,BM Nuestra Senora del Carmen de Salteras,BM Nuestra Señora del Carmen de Salteras
Santa Genoveva,Paso de Palio,2019,BM Nuestra Senora del Carmen de Salteras,BM Nuestra Señora del Carmen de Salteras
San Gonzalo,Paso de Palio,1985,BM Nuestra Senora de la Soledad de la Algaba,BM Nuestra Señora de la Soledad de la Algaba
San Gonzalo,Paso de Palio,1986,BM Nuestra Senora de la Soledad de la Algaba,BM Nuestra Señora de la Soledad de la Algaba
San Gonzalo,Paso de Palio,1987,BM Nuestra Senora de la Soledad de la Algaba,BM Nuestra Señora de la Soledad de la Algaba
San Gonzalo,Paso de Palio,1988,BM Nuestra Senora de la Soledad de la Algaba,BM Nuestra Señora de la Soledad de la Algaba
San Gonzalo,Paso de Palio,1989,BM Nuestra Senora de la Oliva de Salteras,BM Nuestra Señora de la Oliva de Salteras
San Gonzalo,Paso de Palio,1990,BM Nuestra Senora de la Oliva de Salteras,BM Nuestra Señora de la Oliva de Salteras
San Gonzalo,Paso de Palio,1991,BM Nuestra Senora de la Oliva de Salteras,BM Nuestra Señora de la Oliva de Salteras
San Gonzalo,Paso de Palio,1992,BM Nuestra Senora de la Oliva de Salteras,BM Nuestra Señora de la Oliva de Salteras
San Gonzalo,Paso de Palio,1993,BM Nuestra Senora de la Oliva de Salteras,BM Nuestra Señora de la Oliva de Salteras
San Gonzalo,Paso de Palio,1994,BM Nuestra Senora de la Oliva de Salteras,BM Nuestra Señora de la Oliva de Salteras
San Gonzalo,Paso de Palio,1995,BM Nuestra Senora de la Oliva de Salteras,BM Nuestra Señora de la Oliva de Salteras
San Gonzalo,Paso de Palio,1996,BM Nuestra Senora de la Oliva de Salteras,BM Nuestra Señora de la Oliva de Salteras
San Gonzalo,Paso de Palio,1997,BM Nuestra Senora de la Oliva de Salteras,BM Nuestra Señora de la Oliva de Salteras
San Gonzalo,Paso de Palio,1998,BM Nuestra Senora de la Oliva de Salteras,BM Nuestra Señora de la Oliva de Salteras
San Gonzalo,Paso de Palio,1999,BM Nuestra Senora de la Oliva de Salteras,BM Nuestra Señora de la Oliva de Salteras
San Gonzalo,Paso de Palio,2000,BM Nuestra Senora de la Oliva de Salteras,BM Nuestra Señora de la Oliva de Salteras
San Gonzalo,Paso de Palio,2001,BM Nuestra Senora de la Oliva de Salteras,BM Nuestra Señora de la Oliva de Salteras
San Gonzalo,Paso de Palio,2002,BM Nuestra Senora de la Oliva de Salteras,BM Nuestra Señora de la Oliva de Salteras
San Gonzalo,Paso de Palio,2003,BM Nuestra Senora de la Oliva de Salteras,BM Nuestra Señora de la Oliva de Salteras
San Gonzalo,Paso de Palio,2004,BM Nuestra Senora de la Oliva de Salteras,BM Nuestra Señora de la Oliva de Salteras
San Gonzalo,Paso de Palio,2005,BM Santa Ana,BM Santa Ana de Dos Hermanas
San Gonzalo,Paso de Palio,2006,BM Santa Ana,BM Santa Ana de Dos Hermanas
San Gonzalo,Paso de Palio,2007,BM Santa Ana,BM Santa Ana de Dos Hermanas
San Gonzalo,Paso de Palio,2008,BM Santa Ana,BM Santa Ana de Dos Hermanas
San Gonzalo,Paso de Palio,2009,BM Santa Ana,BM Santa Ana de Dos Hermanas
San Gonzalo,Paso de Palio,2010,BM Santa Ana,BM Santa Ana de Dos Hermanas
San Gonzalo,Paso de Palio,2011,BM Santa Ana,BM Santa Ana de Dos Hermanas
San Gonzalo,Paso de Palio,2012,BM Santa Ana,BM Santa Ana de Dos Hermanas
San Gonzalo,Paso de Palio,2013,BM Santa Ana,BM Santa Ana de Dos Hermanas
San Gonzalo,Paso de Palio,2014,BM Santa Ana,BM Santa Ana de Dos Hermanas
San Gonzalo,Paso de Palio,2015,BM Santa Ana,BM Santa Ana de Dos Hermanas
San Gonzalo,Paso de Palio,2016,BM Santa Ana,BM Santa Ana de Dos Hermanas
San Gonzalo,Paso de Palio,2017,BM Santa Ana,BM Santa Ana de Dos Hermanas
San Gonzalo,Paso de Palio,2018,BM Santa Ana,BM Santa Ana de Dos Hermanas
San Gonzalo,Paso de Palio,2019,BM Santa Ana,BM Santa Ana de Dos Hermanas
Las Aguas,Paso de Palio,1980,BM Nuestra Senora de la Hiniesta (Cruz Roja),Banda Municipal de La Puebla del Río
Las Aguas,Paso de Palio,1981,BM Cruz Roja,Banda Municipal de La Puebla del Río
Las Aguas,Paso de Palio,1982,BM Cruz Roja,Banda Municipal de La Puebla del Río
Las Aguas,Paso de Palio,1983,BM Cruz Roja,Banda Municipal de La Puebla del Río
Las Aguas,Paso de Palio,1984,BM Cruz Roja,Banda Municipal de La Puebla del Río
Las Aguas,Paso de Palio,1985,BM Cruz Roja,Banda Municipal de La Puebla del Río
Las Aguas,Paso de Palio,1986,BM Cruz Roja,Banda Municipal de La Puebla del Río
Las Aguas,Paso de Palio,1987,BM Cruz Roja,Banda Municipal de La Puebla del Río
Las Aguas,Paso de Palio,1988,BM Cruz Roja,Banda Municipal de La Puebla del Río
Las Aguas,Paso de Palio,1989,BM Cruz Roja,Banda Municipal de La Puebla del Río
Las Aguas,Paso de Palio,1990,BM Cruz Roja,Banda Municipal de La Puebla del Río
Las Aguas,Paso de Palio,1991,BM Cruz Roja,Banda Municipal de La Puebla del Río
Las Aguas,Paso de Palio,1992,BM Cruz Roja,Banda Municipal de La Puebla del Río
Las Aguas,Paso de Palio,1993,BM Cruz Roja,Banda Municipal de La Puebla del Río
Las Aguas,Paso de Palio,1994,BM Cruz Roja,Banda Municipal de La Puebla del Río
Las Aguas,Paso de Palio,1995,BM Cruz Roja,Banda Municipal de La Puebla del Río
Las Aguas,Paso de Palio,1996,BM Cruz Roja,Banda Municipal de La Puebla del Río
Las Aguas,Paso de Palio,1997,BM Cruz Roja,Banda Municipal de La Puebla del Río
Las Aguas,Paso de Palio,1998,BM Cruz Roja,Banda Municipal de La Puebla del Río
Las Aguas,Paso de Palio,1999,BM Esperanza de Triana,Banda Municipal de La Puebla del Río
Las Aguas,Paso de Palio,2000,BM Esperanza de Triana,Banda Municipal de La Puebla del Río
Las Aguas,Paso de Palio,2001,BM Esperanza de Triana,Banda Municipal de La Puebla del Río
Las Aguas,Paso de Palio,2002,BM Esperanza de Triana,Banda Municipal de La Puebla del Río
Las Aguas,Paso de Palio,2003,BM Esperanza de Triana,Banda Municipal de La Puebla del Río
Las Aguas,Paso de Palio,2004,BM Cruz Roja,Banda Municipal de La Puebla del Río
Las Aguas,Paso de Palio,2005,BM Cruz Roja,Banda Municipal de La Puebla del Río
Las Aguas,Paso de Palio,2006,BM Cruz Roja,Banda Municipal de La Puebla del Río
Las Aguas,Paso de Palio,2007,BM Cruz Roja,Banda Municipal de La Puebla del Río
Las Aguas,Paso de Palio,2008,Banda Municipal de La Puebla del Rio,Banda Municipal de La Puebla del Río
Las Aguas,Paso de Palio,2009,Banda Municipal de La Puebla del Rio,Banda Municipal de La Puebla del Río
Las Aguas,Paso de Palio,2010,Banda Municipal de La Puebla del Rio,Banda Municipal de La Puebla del Río
Las Aguas,Paso de Palio,2011,Banda Municipal de La Puebla del Rio,Banda Municipal de La Puebla del Río
Las Aguas,Paso de Palio,2012,Banda Municipal de La Puebla del Rio,Banda Municipal de La Puebla del Río
Las Aguas,Paso de Palio,2013,Banda Municipal de Mairena del Alcor,BM Municipal de Mairena del Alcor
Las Aguas,Paso de Palio,2014,Banda Municipal de Mairena del Alcor,BM Municipal de Mairena del Alcor
Las Aguas,Paso de Palio,2015,Banda Municipal de Mairena del Alcor,BM Municipal de Mairena del Alcor
Las Aguas,Paso de Palio,2016,Banda Municipal de Mairena del Alcor,BM Municipal de Mairena del Alcor
Las Aguas,Paso de Palio,2017,Banda Municipal de Mairena del Alcor,BM Municipal de Mairena del Alcor
Las Aguas,Paso de Palio,2018,Banda Municipal de Mairena del Alcor,BM Municipal de Mairena del Alcor
Las Aguas,Paso de Palio,2019,Banda Municipal de Mairena del Alcor,BM Municipal de Mairena del Alcor
El Museo,Paso de Palio,1985,BM Mecanizada Guzman el Bueno (Soria 9),BM Mecanizada Guzmán el Bueno (Soria 9)
El Museo,Paso de Palio,1986,BM Mecanizada Guzman el Bueno (Soria 9),BM Mecanizada Guzmán el Bueno (Soria 9)
El Museo,Paso de Palio,1987,BM Mecanizada Guzman el Bueno (Soria 9),BM Mecanizada Guzmán el Bueno (Soria 9)
El Museo,Paso de Palio,1988,BM Mecanizada Guzman el Bueno (Soria 9),BM Mecanizada Guzmán el Bueno (Soria 9)
El Museo,Paso de Palio,1989,BM Mecanizada Guzman el Bueno (Soria 9),BM Mecanizada Guzmán el Bueno (Soria 9)
El Museo,Paso de Palio,1990,BM Mecanizada Guzman el Bueno (Soria 9),BM Mecanizada Guzmán el Bueno (Soria 9)
El Museo,Paso de Palio,1991,BM Mecanizada Guzman el Bueno (Soria 9),BM Mecanizada Guzmán el Bueno (Soria 9)
El Museo,Paso de Palio,1992,BM Mecanizada Guzman el Bueno (Soria 9),BM Mecanizada Guzmán el Bueno (Soria 9)
El Museo,Paso de Palio,1993,BM Mecanizada Guzman el Bueno (Soria 9),BM Mecanizada Guzmán el Bueno (Soria 9)
El Museo,Paso de Palio,1994,BM Mecanizada Guzman el Bueno (Soria 9),BM Mecanizada Guzmán el Bueno (Soria 9)
El Museo,Paso de Palio,1995,BM Mecanizada Guzman el Bueno (Soria 9),BM Mecanizada Guzmán el Bueno (Soria 9)
El Museo,Paso de Palio,1996,BM Mecanizada Guzman el Bueno (Soria 9),BM Mecanizada Guzmán el Bueno (Soria 9)
El Museo,Paso de Palio,1997,BM Cuartel General de la Region Sur (Soria 9),BM Cuartel General de la Región Sur (Soria 9)
El Museo,Paso de Palio,1998,BM Nuestra Senora de la Victoria (Cigarreras),BM Nuestra Señora de la Victoria (Cigarreras)
El Museo,Paso de Palio,1999,BM Nuestra Senora de la Victoria (Cigarreras),BM Nuestra Señora de la Victoria (Cigarreras)
El Museo,Paso de Palio,2000,BM Nuestra Senora de la Victoria (Cigarreras),BM Nuestra Señora de la Victoria (Cigarreras)
El Museo,Paso de Palio,2001,BM Nuestra Senora de la Victoria (Cigarreras),BM Nuestra Señora de la Victoria (Cigarreras)
El Museo,Paso de Palio,2002,BM Nuestra Senora de la Victoria (Cigarreras),BM Nuestra Señora de la Victoria (Cigarreras)
El Museo,Paso de Palio,2003,BM Nuestra Senora de la Victoria (Cigarreras),BM Nuestra Señora de la Victoria (Cigarreras)
El Museo,Paso de Palio,2004,BM Nuestra Senora de la Victoria (Cigarreras),BM Nuestra Señora de la Victoria (Cigarreras)
El Museo,Paso de Palio,2005,BM Nuestra Senora de la Victoria (Cigarreras),BM Nuestra Señora de la Victoria (Cigarreras)
El Museo,Paso de Palio,2006,Sociedad Filarmonica Nuestra Senora de la Oliva de Salteras,Soc. F. Ntra. Sra. de la Oliva de Salteras
El Museo,Paso de Palio,2007,Sociedad Filarmonica Nuestra Senora de la Oliva de Salteras,Soc. F. Ntra. Sra. de la Oliva de Salteras
El Museo,Paso de Palio,2008,Sociedad Filarmonica Nuestra Senora de la Oliva de Salteras,Soc. F. Ntra. Sra. de la Oliva de Salteras
El Museo,Paso de Palio,2009,Sociedad Filarmonica Nuestra Senora de la Oliva de Salteras,Soc. F. Ntra. Sra. de la Oliva de Salteras
El Museo,Paso de Palio,2010,Sociedad Filarmonica Nuestra Senora de la Oliva de Salteras,Soc. F. Ntra. Sra. de la Oliva de Salteras
El Museo,Paso de Palio,2011,Sociedad Filarmonica Nuestra Senora de la Oliva de Salteras,Soc. F. Ntra. Sra. de la Oliva de Salteras
El Museo,Paso de Palio,2012,Sociedad Filarmonica Nuestra Senora de la Oliva de Salteras,Soc. F. Ntra. Sra. de la Oliva de Salteras
El Museo,Paso de Palio,2013,Sociedad Filarmonica Nuestra Senora de la Oliva de Salteras,Soc. F. Ntra. Sra. de la Oliva de Salteras
El Museo,Paso de Palio,2014,Sociedad Filarmonica Nuestra Senora de la Oliva de Salteras,Soc. F. Ntra. Sra. de la Oliva de Salteras
El Museo,Paso de Palio,2015,Sociedad Filarmonica Nuestra Senora de la Oliva de Salteras,Soc. F. Ntra. Sra. de la Oliva de Salteras
El Museo,Paso de Palio,2016,Sociedad Filarmonica Nuestra Senora de la Oliva de Salteras,Soc. F. Ntra. Sra. de la Oliva de Salteras
El Museo,Paso de Palio,2017,Sociedad Filarmonica Nuestra Senora de la Oliva de Salteras,Soc. F. Ntra. Sra. de la Oliva de Salteras
El Museo,Paso de Palio,2018,Sociedad Filarmonica Nuestra Senora de la Oliva de Salteras,Soc. F. Ntra. Sra. de la Oliva de Salteras
El Museo,Paso de Palio,2019,Sociedad Filarmonica Nuestra Senora de la Oliva de Salteras,Soc. F. Ntra. Sra. de la Oliva de Salteras
El Cerro del Aguila,Paso de Misterio,1989,CCTT Tres Caidas,CCTT Tres Caídas
El Cerro del Aguila,Paso de Misterio,1990,CCTT Tres Caidas,CCTT Tres Caídas
El Cerro del Aguila,Paso de Misterio,1991,CCTT Tres Caidas,CCTT Tres Caídas
El Cerro del Aguila,Paso de Misterio,1992,CCTT Tres Caidas,CCTT Tres Caídas
El Cerro del Aguila,Paso de Misterio,1993,CCTT Tres Caidas,CCTT Tres Caídas
El Cerro del Aguila,Paso de Misterio,1994,CCTT Tres Caidas,CCTT Tres Caídas
El Cerro del Aguila,Paso de Misterio,1995,CCTT Tres Caidas,CCTT Tres Caídas
El Cerro del Aguila,Paso de Misterio,1996,CCTT Tres Caidas,CCTT Tres Caídas
El Cerro del Aguila,Paso de Misterio,1997,CCTT Tres Caidas,CCTT Tres Caídas
El Cerro del Aguila,Paso de Palio,1989,BM Alvarez Quintero de Utrera,BM Álvarez Quintero de Utrera
El Cerro del Aguila,Paso de Palio,1990,BM Alvarez Quintero de Utrera,BM Álvarez Quintero de Utrera
El Cerro del Aguila,Paso de Palio,1991,BM Santa Maria de las Nieves de Olivares,BM Santa María de las Nieves de Olivares
El Cerro del Aguila,Paso de Palio,1992,BM Santa Maria de las Nieves de Olivares,BM Santa María de las Nieves de Olivares
El Cerro del Aguila,Paso de Palio,1993,BM Santa Maria de las Nieves de Olivares,BM Santa María de las Nieves de Olivares
El Cerro del Aguila,Paso de Palio,1994,BM Santa Maria de las Nieves de Olivares,BM Santa María de las Nieves de Olivares
El Cerro del Aguila,Paso de Palio,1995,BM Santa Maria de las Nieves de Olivares,BM Santa María de las Nieves de Olivares
El Cerro del Aguila,Paso de Palio,1996,BM Santa Maria de las Nieves de Olivares,BM Santa María de las Nieves de Olivares
El Cerro del Aguila,Paso de Palio,1997,BM Santa Maria de las Nieves de Olivares,BM Santa María de las Nieves de Olivares
El Cerro del Aguila,Paso de Palio,1998,BM Santa Maria de las Nieves de Olivares,BM Santa María de las Nieves de Olivares
El Cerro del Aguila,Paso de Palio,1999,BM Santa Maria de las Nieves de Olivares,BM Santa María de las Nieves de Olivares
El Cerro del Aguila,Paso de Palio,2000,BM Santa Maria de las Nieves de Olivares,BM Santa María de las Nieves de Olivares
El Cerro del Aguila,Paso de Palio,2001,BM Santa Maria de las Nieves de Olivares,BM Santa María de las Nieves de Olivares
El Cerro del Aguila,Paso de Palio,2002,BM Santa Maria de las Nieves de Olivares,BM Santa María de las Nieves de Olivares
El Cerro del Aguila,Paso de Palio,2003,BM Santa Maria de las Nieves de Olivares,BM Santa María de las Nieves de Olivares
El Cerro del Aguila,Paso de Palio,2004,BM Santa Maria de las Nieves de Olivares,BM Santa María de las Nieves de Olivares
El Cerro del Aguila,Paso de Palio,2005,BM Santa Maria de las Nieves de Olivares,BM Santa María de las Nieves de Olivares
El Cerro del Aguila,Paso de Palio,2006,BM Santa Maria de las Nieves de Olivares,BM Santa María de las Nieves de Olivares
El Cerro del Aguila,Paso de Palio,2007,BM Santa Maria de las Nieves de Olivares,BM Santa María de las Nieves de Olivares
El Cerro del Aguila,Paso de Palio,2008,BM Santa Maria de las Nieves de Olivares,BM Santa María de las Nieves de Olivares
El Cerro del Aguila,Paso de Palio,2009,BM Santa Maria de las Nieves de Olivares,BM Santa María de las Nieves de Olivares
El Cerro del Aguila,Paso de Palio,2010,BM Santa Maria de las Nieves de Olivares,BM Santa María de las Nieves de Olivares
El Cerro del Aguila,Paso de Palio,2011,BM Santa Maria de las Nieves de Olivares,BM Santa María de las Nieves de Olivares
El Cerro del Aguila,Paso de Palio,2012,BM Santa Maria de las Nieves de Olivares,BM Santa María de las Nieves de Olivares
El Cerro del Aguila,Paso de Palio,2013,BM Santa Maria de las Nieves de Olivares,BM Santa María de las Nieves de Olivares
El Cerro del Aguila,Paso de Palio,2014,BM Santa Maria de las Nieves de Olivares,BM Santa María de las Nieves de Olivares
El Cerro del Aguila,Paso de Palio,2015,BM Santa Maria de las Nieves de Olivares,BM Santa María de las Nieves de Olivares
El Cerro del Aguila,Paso de Palio,2016,BM Santa Maria de las Nieves de Olivares,BM Santa María de las Nieves de Olivares
El Cerro del Aguila,Paso de Palio,2017,BM Santa Maria de las Nieves de Olivares,BM Santa María de las Nieves de Olivares
El Cerro del Aguila,Paso de Palio,2018,BM Santa Maria de las Nieves de Olivares,BM Santa María de las Nieves de Olivares
El Cerro del Aguila,Paso de Palio,2019,BM Santa Maria de las Nieves de Olivares,BM Santa María de las Nieves de Olivares
Los Javieres,Paso de Palio,1980,BM Nuestra Senora de la Soledad de Cantillana,BM Nuestra Señora de la Soledad de Cantillana
Los Javieres,Paso de Palio,1981,BM Nuestra Senora de la Soledad de Cantillana,BM Nuestra Señora de la Soledad de Cantillana
Los Javieres,Paso de Palio,1999,BM Filarmonica Julian Cerdan,BM Julián Cerdán de Sanlúcar
Los Javieres,Paso de Palio,2000,BM Filarmonica Julian Cerdan,BM Julián Cerdán de Sanlúcar
Los Javieres,Paso de Palio,2001,BM Filarmonica Julian Cerdan,BM Julián Cerdán de Sanlúcar
Los Javieres,Paso de Palio,2002,BM Filarmonica Julian Cerdan,BM Julián Cerdán de Sanlúcar
Los Javieres,Paso de Palio,2003,BM Filarmonica Julian Cerdan,BM Julián Cerdán de Sanlúcar
Los Javieres,Paso de Palio,2004,BM Filarmonica Julian Cerdan,BM Julián Cerdán de Sanlúcar
Los Javieres,Paso de Palio,2005,BM Filarmonica Julian Cerdan,BM Julián Cerdán de Sanlúcar
Los Javieres,Paso de Palio,2006,BM Filarmonica Julian Cerdan,BM Julián Cerdán de Sanlúcar
Los Javieres,Paso de Palio,2007,BM Filarmonica Julian Cerdan,BM Julián Cerdán de Sanlúcar
Los Javieres,Paso de Palio,2008,BM Filarmonica Julian Cerdan,BM Julián Cerdán de Sanlúcar
Los Javieres,Paso de Palio,2009,BM Filarmonica Julian Cerdan,BM Julián Cerdán de Sanlúcar
Los Javieres,Paso de Palio,2010,BM Filarmonica Julian Cerdan,BM Julián Cerdán de Sanlúcar
Los Javieres,Paso de Palio,2011,BM Filarmonica Julian Cerdan,BM Julián Cerdán de Sanlúcar
Los Javieres,Paso de Palio,2012,BM Filarmonica Julian Cerdan,BM Julián Cerdán de Sanlúcar
Los Javieres,Paso de Palio,2013,BM Filarmonica Julian Cerdan,BM Julián Cerdán de Sanlúcar
Los Javieres,Paso de Palio,2014,BM Filarmonica Julian Cerdan,BM Julián Cerdán de Sanlúcar
Los Javieres,Paso de Palio,2015,BM Filarmonica Julian Cerdan,BM Julián Cerdán de Sanlúcar
Los Javieres,Paso de Palio,2016,BM Filarmonica Julian Cerdan,BM Julián Cerdán de Sanlúcar
Los Javieres,Paso de Palio,2017,BM Filarmonica Julian Cerdan,BM Julián Cerdán de Sanlúcar
Los Javieres,Paso de Palio,2018,BM Filarmonica Julian Cerdan,BM Julián Cerdán de Sanlúcar
Los Javieres,Paso de Palio,2019,BM Filarmonica Julian Cerdan,BM Julián Cerdán de Sanlúcar
San Esteban,Paso de Palio,1984,BM Nuestra Senora de la Soledad de Cantillana,BM Nuestra Señora de la Soledad de Cantillana
San Esteban,Paso de Palio,1994,BM Nuestra Senora del Rocio,BM Nuestra Señora del Rocío
San Esteban,Paso de Palio,1995,BM Nuestra Senora del Rocio,BM Nuestra Señora del Rocío
San Esteban,Paso de Palio,1996,Sociedad Filarmonica de Pilas,Sociedad Filarmónica de Pilas
San Esteban,Paso de Palio,1997,Sociedad Filarmonica de Pilas,Sociedad Filarmónica de Pilas
San Esteban,Paso de Palio,1998,Sociedad Filarmonica de Pilas,Sociedad Filarmónica de Pilas
San Esteban,Paso de Palio,1999,Sociedad Filarmonica de Pilas,Sociedad Filarmónica de Pilas
San Esteban,Paso de Palio,2000,Sociedad Filarmonica de Pilas,Sociedad Filarmónica de Pilas
San Esteban,Paso de Palio,2001,Sociedad Filarmonica de Pilas,Sociedad Filarmónica de Pilas
San Esteban,Paso de Palio,2002,Sociedad Filarmonica de Pilas,Sociedad Filarmónica de Pilas
San Esteban,Paso de Palio,2003,Sociedad Filarmonica de Pilas,Sociedad Filarmónica de Pilas
San Esteban,Paso de Palio,2004,Sociedad Filarmonica de Pilas,Sociedad Filarmónica de Pilas
San Esteban,Paso de Palio,2005,Sociedad Filarmonica de Pilas,Sociedad Filarmónica de Pilas
San Esteban,Paso de Palio,2006,Sociedad Filarmonica de Pilas,Sociedad Filarmónica de Pilas
San Esteban,Paso de Palio,2007,Sociedad Filarmonica de Pilas,Sociedad Filarmónica de Pilas
San Esteban,Paso de Palio,2008,Sociedad Filarmonica de Pilas,Sociedad Filarmónica de Pilas
San Esteban,Paso de Palio,2009,BM Las Cigarreras,BM Ntra Sra de la Victoria Cigarreras
San Esteban,Paso de Palio,2010,BM Las Cigarreras,BM Ntra Sra de la Victoria Cigarreras
San Esteban,Paso de Palio,2011,BM Las Cigarreras,BM Ntra Sra de la Victoria Cigarreras
San Esteban,Paso de Palio,2012,BM Las Cigarreras,BM Ntra Sra de la Victoria Cigarreras
San Esteban,Paso de Palio,2013,BM Las Cigarreras,BM Ntra Sra de la Victoria Cigarreras
San Esteban,Paso de Palio,2014,BM Las Cigarreras,BM Ntra Sra de la Victoria Cigarreras
San Esteban,Paso de Palio,2015,BM Las Cigarreras,BM Ntra Sra de la Victoria Cigarreras
San Esteban,Paso de Palio,2016,BM Las Cigarreras,BM Ntra Sra de la Victoria Cigarreras
San Esteban,Paso de Palio,2017,BM Las Cigarreras,BM Ntra Sra de la Victoria Cigarreras
San Esteban,Paso de Palio,2018,BM Las Cigarreras,BM Ntra Sra de la Victoria Cigarreras
San Esteban,Paso de Palio,2019,BM Las Cigarreras,BM Ntra Sra de la Victoria Cigarreras
San Benito,Paso de Misterio,1985,AM Santa Maria Magdalena de Arahal,AM Santa María Magdalena de Arahal
San Benito,Paso de Misterio,1986,AM Santa Maria Magdalena de Arahal,AM Santa María Magdalena de Arahal
San Benito,Paso de Misterio,1987,AM Santa Maria Magdalena de Arahal,AM Santa María Magdalena de Arahal
San Benito,Paso de Misterio,1988,AM Santa Maria Magdalena de Arahal,AM Santa María Magdalena de Arahal
San Benito,Paso de Misterio,1989,AM Santa Maria Magdalena de Arahal,AM Santa María Magdalena de Arahal
San Benito,Paso de Misterio,1990,AM Santa Maria Magdalena de Arahal,AM Santa María Magdalena de Arahal
San Benito,Paso de Misterio,1991,AM Santa Maria Magdalena de Arahal,AM Santa María Magdalena de Arahal
San Benito,Paso de Misterio,1992,AM Santa Maria Magdalena de Arahal,AM Santa María Magdalena de Arahal
San Benito,Paso de Misterio,1993,AM Santa Maria Magdalena de Arahal,AM Santa María Magdalena de Arahal
San Benito,Paso de Misterio,1994,AM Santa Maria Magdalena de Arahal,AM Santa María Magdalena de Arahal
San Benito,Paso de Misterio,1995,AM Nuestra Senora de la Encarnacion,AM Nuestra Señora de la Encarnación
San Benito,Paso de Misterio,1996,AM Nuestra Senora de la Encarnacion,AM Nuestra Señora de la Encarnación
San Benito,Paso de Misterio,1997,AM Nuestra Senora de la Encarnacion,AM Nuestra Señora de la Encarnación
San Benito,Paso de Misterio,1998,AM Nuestra Senora de la Encarnacion,AM Nuestra Señora de la Encarnación
San Benito,Paso de Misterio,1999,AM Nuestra Senora de la Encarnacion,AM Nuestra Señora de la Encarnación
San Benito,Paso de Misterio,2000,AM Nuestra Senora de la Encarnacion,AM Nuestra Señora de la Encarnación
San Benito,Paso de Misterio,2001,AM Nuestra Senora de la Encarnacion,AM Nuestra Señora de la Encarnación
San Benito,Paso de Misterio,2002,AM Nuestra Senora de la Encarnacion,AM Nuestra Señora de la Encarnación
San Benito,Paso de Misterio,2003,AM Nuestra Senora de la Encarnacion,AM Nuestra Señora de la Encarnación
San Benito,Paso de Misterio,2004,AM Nuestra Senora de la Encarnacion,AM Nuestra Señora de la Encarnación
San Benito,Paso de Misterio,2005,AM Nuestra Senora de la Encarnacion,AM Nuestra Señora de la Encarnación
San Benito,Paso de Misterio,2006,AM Nuestra Senora de la Encarnacion,AM Nuestra Señora de la Encarnación
San Benito,Paso de Misterio,2007,AM Nuestra Senora de la Encarnacion,AM Nuestra Señora de la Encarnación
San Benito,Paso de Misterio,2008,AM Nuestra Senora de la Encarnacion,AM Nuestra Señora de la Encarnación
San Benito,Paso de Misterio,2009,AM Nuestra Senora de la Encarnacion,AM Nuestra Señora de la Encarnación
San Benito,Paso de Misterio,2010,AM Nuestra Senora de la Encarnacion,AM Nuestra Señora de la Encarnación
San Benito,Paso de Misterio,2011,AM Nuestra Senora de la Encarnacion,AM Nuestra Señora de la Encarnación
San Benito,Paso de Misterio,2012,AM Nuestra Senora de la Encarnacion,AM Nuestra Señora de la Encarnación
San Benito,Paso de Misterio,2013,AM Nuestra Senora de la Encarnacion,AM Nuestra Señora de la Encarnación
San Benito,Paso de Misterio,2014,AM Nuestra Senora de la Encarnacion,AM Nuestra Señora de la Encarnación
San Benito,Paso de Misterio,2015,AM Nuestra Senora de la Encarnacion,AM Nuestra Señora de la Encarnación
San Benito,Paso de Misterio,2016,AM Nuestra Senora de la Encarnacion,AM Nuestra Señora de la Encarnación
San Benito,Paso de Misterio,2017,AM Nuestra Senora de la Encarnacion,AM Nuestra Señora de la Encarnación
San Benito,Paso de Misterio,2018,AM Nuestra Senora de la Encarnacion,AM Nuestra Señora de la Encarnación
San Benito,Paso de Misterio,2019,AM Nuestra Senora de la Encarnacion,AM Nuestra Señora de la Encarnación
San Benito,Paso de Cristo,1980,CCTT Centuria Macarena,CCTT Centuria Macarena (1980-1992 continuación del tramo anterior; el post consolida 1977-1992)
San Benito,Paso de Cristo,1981,CCTT Centuria Macarena,CCTT Centuria Macarena (1980-1992 continuación del tramo anterior; el post consolida 1977-1992)
San Benito,Paso de Cristo,1982,CCTT Centuria Macarena,CCTT Centuria Macarena (1980-1992 continuación del tramo anterior; el post consolida 1977-1992)
San Benito,Paso de Cristo,1983,CCTT Centuria Macarena,CCTT Centuria Macarena (1980-1992 continuación del tramo anterior; el post consolida 1977-1992)
San Benito,Paso de Cristo,1984,CCTT Centuria Macarena,CCTT Centuria Macarena (1980-1992 continuación del tramo anterior; el post consolida 1977-1992)
San Benito,Paso de Cristo,1985,CCTT Centuria Macarena,CCTT Centuria Macarena (1980-1992 continuación del tramo anterior; el post consolida 1977-1992)
San Benito,Paso de Cristo,1986,CCTT Centuria Macarena,CCTT Centuria Macarena (1980-1992 continuación del tramo anterior; el post consolida 1977-1992)
San Benito,Paso de Cristo,1987,CCTT Centuria Macarena,CCTT Centuria Macarena (1980-1992 continuación del tramo anterior; el post consolida 1977-1992)
San Benito,Paso de Cristo,1988,CCTT Centuria Macarena,CCTT Centuria Macarena (1980-1992 continuación del tramo anterior; el post consolida 1977-1992)
San Benito,Paso de Cristo,1989,CCTT Centuria Macarena,CCTT Centuria Macarena (1980-1992 continuación del tramo anterior; el post consolida 1977-1992)
San Benito,Paso de Cristo,1990,CCTT Centuria Macarena,CCTT Centuria Macarena (1980-1992 continuación del tramo anterior; el post consolida 1977-1992)
San Benito,Paso de Cristo,1991,CCTT Centuria Macarena,CCTT Centuria Macarena (1980-1992 continuación del tramo anterior; el post consolida 1977-1992)
San Benito,Paso de Cristo,1992,CCTT Centuria Macarena,CCTT Centuria Macarena (1980-1992 continuación del tramo anterior; el post consolida 1977-1992)
San Benito,Paso de Cristo,1993,AM Ntra. Sra. De la Encarnacion,AM Ntra. Sra. De la Encarnación
San Benito,Paso de Cristo,1994,AM Ntra. Sra. De la Encarnacion,AM Ntra. Sra. De la Encarnación
San Benito,Paso de Cristo,1995,CCTT Presentacion al Pueblo,CCTT Presentación al Pueblo
San Benito,Paso de Cristo,1996,CCTT Presentacion al Pueblo,CCTT Presentación al Pueblo
San Benito,Paso de Palio,1980,BM Santa Maria del Alcor,BM Santa María del Alcor
San Benito,Paso de Palio,1981,BM Santa Maria del Alcor,BM Santa María del Alcor
San Benito,Paso de Palio,1982,BM Santa Maria del Alcor,BM Santa María del Alcor
San Benito,Paso de Palio,1983,BM Santa Maria del Alcor,BM Santa María del Alcor
San Benito,Paso de Palio,1984,BM Santa Maria del Alcor,BM Santa María del Alcor
San Benito,Paso de Palio,1985,BM Santa Maria del Alcor,BM Santa María del Alcor
San Benito,Paso de Palio,1986,BM Santa Maria del Alcor,BM Santa María del Alcor
San Benito,Paso de Palio,1987,BM Santa Maria del Alcor,BM Santa María del Alcor
San Benito,Paso de Palio,1988,BM Santa Maria del Alcor,BM Santa María del Alcor
San Benito,Paso de Palio,1989,BM Santa Maria del Alcor,BM Santa María del Alcor
San Benito,Paso de Palio,1990,BM Santa Maria del Alcor,BM Santa María del Alcor
San Benito,Paso de Palio,1991,BM Santa Maria del Alcor,BM Santa María del Alcor
San Benito,Paso de Palio,1992,BM Santa Maria del Alcor,BM Santa María del Alcor
San Benito,Paso de Palio,1993,BM Santa Maria del Alcor,BM Santa María del Alcor
San Benito,Paso de Palio,1994,BM Santa Maria del Alcor,BM Santa María del Alcor
San Benito,Paso de Palio,2001,Banda Municipal de La Puebla del Rio,Banda Municipal de La Puebla del Río
San Benito,Paso de Palio,2002,Banda Municipal de La Puebla del Rio,Banda Municipal de La Puebla del Río
San Benito,Paso de Palio,2003,Banda Municipal de La Puebla del Rio,Banda Municipal de La Puebla del Río
San Benito,Paso de Palio,2004,Banda Municipal de La Puebla del Rio,Banda Municipal de La Puebla del Río
San Benito,Paso de Palio,2005,Banda Municipal de La Puebla del Rio,Banda Municipal de La Puebla del Río
San Benito,Paso de Palio,2006,Banda Municipal de La Puebla del Rio,Banda Municipal de La Puebla del Río
San Benito,Paso de Palio,2007,Banda Municipal de La Puebla del Rio,Banda Municipal de La Puebla del Río
San Benito,Paso de Palio,2008,Banda Municipal de La Puebla del Rio,Banda Municipal de La Puebla del Río
San Benito,Paso de Palio,2009,Banda Municipal de La Puebla del Rio,Banda Municipal de La Puebla del Río
San Benito,Paso de Palio,2010,Banda Municipal de La Puebla del Rio,Banda Municipal de La Puebla del Río
San Benito,Paso de Palio,2011,Banda Municipal de La Puebla del Rio,Banda Municipal de La Puebla del Río
San Benito,Paso de Palio,2012,Banda Municipal de La Puebla del Rio,Banda Municipal de La Puebla del Río
San Benito,Paso de Palio,2013,Banda Municipal de La Puebla del Rio,Banda Municipal de La Puebla del Río
San Benito,Paso de Palio,2014,Banda Municipal de La Puebla del Rio,Banda Municipal de La Puebla del Río
San Benito,Paso de Palio,2015,Banda Municipal de La Puebla del Rio,Banda Municipal de La Puebla del Río
San Benito,Paso de Palio,2016,Banda Municipal de La Puebla del Rio,Banda Municipal de La Puebla del Río
San Benito,Paso de Palio,2017,Banda Municipal de La Puebla del Rio,Banda Municipal de La Puebla del Río
San Benito,Paso de Palio,2018,Banda Municipal de La Puebla del Rio,Banda Municipal de La Puebla del Río
San Benito,Paso de Palio,2019,Banda Municipal de La Puebla del Rio,Banda Municipal de La Puebla del Río
El Dulce Nombre,Paso de Palio,1985,BM Agrupacion de Guillena,BM Agrupación de Guillena
El Dulce Nombre,Paso de Palio,1986,BM Agrupacion de Guillena,BM Agrupación de Guillena
El Dulce Nombre,Paso de Palio,1987,BM Agrupacion de Guillena,BM Agrupación de Guillena
El Dulce Nombre,Paso de Palio,1988,BM Agrupacion de Guillena,BM Agrupación de Guillena
El Dulce Nombre,Paso de Palio,1989,BM Nuestra Senora de la Oliva de Salteras,BM Nuestra Señora de la Oliva de Salteras
El Dulce Nombre,Paso de Palio,1990,BM Nuestra Senora de la Oliva de Salteras,BM Nuestra Señora de la Oliva de Salteras
El Dulce Nombre,Paso de Palio,1991,BM Nuestra Senora de la Oliva de Salteras,BM Nuestra Señora de la Oliva de Salteras
El Dulce Nombre,Paso de Palio,1992,BM Nuestra Senora de la Oliva de Salteras,BM Nuestra Señora de la Oliva de Salteras
El Dulce Nombre,Paso de Palio,1993,BM Nuestra Senora de la Oliva de Salteras,BM Nuestra Señora de la Oliva de Salteras
El Dulce Nombre,Paso de Palio,1994,BM Nuestra Senora de la Oliva de Salteras,BM Nuestra Señora de la Oliva de Salteras
El Dulce Nombre,Paso de Palio,1995,BM Nuestra Senora de la Oliva de Salteras,BM Nuestra Señora de la Oliva de Salteras
El Dulce Nombre,Paso de Palio,1996,BM Nuestra Senora de la Oliva de Salteras,BM Nuestra Señora de la Oliva de Salteras
El Dulce Nombre,Paso de Palio,1997,BM Nuestra Senora de la Victoria (Cigarreras),BM Nuestra Señora de la Victoria (Cigarreras)
El Dulce Nombre,Paso de Palio,1998,BM Nuestra Senora de la Victoria (Cigarreras),BM Nuestra Señora de la Victoria (Cigarreras)
El Dulce Nombre,Paso de Palio,1999,BM Nuestra Senora de la Victoria (Cigarreras),BM Nuestra Señora de la Victoria (Cigarreras)
El Dulce Nombre,Paso de Palio,2000,BM Nuestra Senora de la Victoria (Cigarreras),BM Nuestra Señora de la Victoria (Cigarreras)
El Dulce Nombre,Paso de Palio,2001,BM Nuestra Senora de la Victoria (Cigarreras),BM Nuestra Señora de la Victoria (Cigarreras)
El Dulce Nombre,Paso de Palio,2002,BM Nuestra Senora de la Victoria (Cigarreras),BM Nuestra Señora de la Victoria (Cigarreras)
El Dulce Nombre,Paso de Palio,2003,BM Nuestra Senora de la Victoria (Cigarreras),BM Nuestra Señora de la Victoria (Cigarreras)
El Dulce Nombre,Paso de Palio,2004,BM Nuestra Senora de la Victoria (Cigarreras),BM Nuestra Señora de la Victoria (Cigarreras)
El Dulce Nombre,Paso de Palio,2005,BM Nuestra Senora de la Victoria (Cigarreras),BM Nuestra Señora de la Victoria (Cigarreras)
El Dulce Nombre,Paso de Palio,2006,Sociedad Filarmonica Nuestra Senora de la Oliva de Salteras,Soc. Filarmónica Nuestra Señora de la Oliva de Salteras
El Dulce Nombre,Paso de Palio,2007,Sociedad Filarmonica Nuestra Senora de la Oliva de Salteras,Soc. Filarmónica Nuestra Señora de la Oliva de Salteras
El Dulce Nombre,Paso de Palio,2008,Sociedad Filarmonica Nuestra Senora de la Oliva de Salteras,Soc. Filarmónica Nuestra Señora de la Oliva de Salteras
El Dulce Nombre,Paso de Palio,2009,Sociedad Filarmonica Nuestra Senora de la Oliva de Salteras,Soc. Filarmónica Nuestra Señora de la Oliva de Salteras
El Dulce Nombre,Paso de Palio,2010,Sociedad Filarmonica Nuestra Senora de la Oliva de Salteras,Soc. Filarmónica Nuestra Señora de la Oliva de Salteras
El Dulce Nombre,Paso de Palio,2011,Sociedad Filarmonica Nuestra Senora de la Oliva de Salteras,Soc. Filarmónica Nuestra Señora de la Oliva de Salteras
El Dulce Nombre,Paso de Palio,2012,Sociedad Filarmonica Nuestra Senora de la Oliva de Salteras,Soc. Filarmónica Nuestra Señora de la Oliva de Salteras
El Dulce Nombre,Paso de Palio,2013,Sociedad Filarmonica Nuestra Senora de la Oliva de Salteras,Soc. Filarmónica Nuestra Señora de la Oliva de Salteras
El Dulce Nombre,Paso de Palio,2014,Sociedad Filarmonica Nuestra Senora de la Oliva de Salteras,Soc. Filarmónica Nuestra Señora de la Oliva de Salteras
El Dulce Nombre,Paso de Palio,2015,Sociedad Filarmonica Nuestra Senora de la Oliva de Salteras,Soc. Filarmónica Nuestra Señora de la Oliva de Salteras
El Dulce Nombre,Paso de Palio,2016,Sociedad Filarmonica Nuestra Senora de la Oliva de Salteras,Soc. Filarmónica Nuestra Señora de la Oliva de Salteras
El Dulce Nombre,Paso de Palio,2017,Sociedad Filarmonica Nuestra Senora de la Oliva de Salteras,Soc. Filarmónica Nuestra Señora de la Oliva de Salteras
El Dulce Nombre,Paso de Palio,2018,Sociedad Filarmonica Nuestra Senora de la Oliva de Salteras,Soc. Filarmónica Nuestra Señora de la Oliva de Salteras
El Dulce Nombre,Paso de Palio,2019,Sociedad Filarmonica Nuestra Senora de la Oliva de Salteras,Soc. Filarmónica Nuestra Señora de la Oliva de Salteras
Santa Cruz,Paso de Palio,1985,BM Ntra. Sra. Del Aguila de Alcala de Guadaira,BM Ntra. Sra. Del Águila de Alcala de Guadaira
Santa Cruz,Paso de Palio,1986,BM Ntra. Sra. Del Aguila de Alcala de Guadaira,BM Ntra. Sra. Del Águila de Alcala de Guadaira
